Ma_truong,Phong_GDDT,Loai_hinh,Loai_truong,Cap_truong
79000301,Không,1,1,MN
79760328,Không,1,1,MN
79778311,Không,1,1,MN
79760301,Q1,1,1,MN
79760302,Q1,1,1,MN
79760303,Q1,1,1,MN
79760304,Q1,1,1,MN
79760305,Q1,1,1,MN
79760306,Q1,1,1,MN
79760307,Q1,1,1,MN
79760308,Q1,1,1,MN
79760309,Q1,1,1,MN
79760310,Q1,1,1,MN
79760311,Q1,1,1,MN
79760312,Q1,1,1,MN
79760313,Q1,1,1,MN
79760318,Q1,2,1,MN
79760319,Q1,3,1,MN
79760320,Q1,2,1,MN
79760324,Q1,2,1,MN
79760325,Q1,1,1,MN
79760326,Q1,2,1,MN
79760341,Q1,2,1,MN
79760344,Q1,2,1,MN
79760W02,Q1,2,1,MN
79760W03,Q1,2,1,MN
79760W04,Q1,2,1,MN
79760W05,Q1,2,1,MN
79760W07,Q1,2,1,MN
79760W44,Q1,2,1,MN
79761341,Q1,2,1,MN
79771339,Q1,2,1,MN
79771340,Q1,2,1,MN
797713W2,Q1,1,1,MN
79761201,Q12,1,1,MN
79761202,Q12,1,1,MN
79761203,Q12,1,1,MN
79761207,Q12,1,1,MN
79761208,Q12,2,1,MN
79761209,Q12,2,1,MN
79761301,Q12,1,1,MN
79761302,Q12,1,1,MN
79761303,Q12,1,1,MN
79761304,Q12,1,1,MN
79761305,Q12,1,1,MN
79761306,Q12,1,1,MN
79761307,Q12,2,1,MN
79761308,Q12,2,1,MN
79761310,Q12,2,1,MN
79761311,Q12,2,1,MN
79761312,Q12,2,1,MN
79761314,Q12,2,1,MN
79761315,Q12,1,1,MN
79761316,Q12,1,1,MN
79761317,Q12,1,1,MN
79761318,Q12,1,1,MN
79761319,Q12,2,1,MN
79761320,Q12,2,1,MN
79761322,Q12,2,1,MN
79761323,Q12,2,1,MN
79761324,Q12,2,1,MN
79761325,Q12,1,1,MN
79761326,Q12,2,1,MN
79761327,Q12,2,1,MN
79761328,Q12,1,1,MN
79761329,Q12,1,1,MN
79761330,Q12,2,1,MN
79761331,Q12,2,1,MN
79761334,Q12,2,1,MN
79761335,Q12,2,1,MN
79761336,Q12,2,1,MN
79761337,Q12,2,1,MN
79761339,Q12,2,1,MN
79761340,Q12,2,1,MN
79761342,Q12,2,1,MN
79761343,Q12,2,1,MN
79761344,Q12,2,1,MN
79761345,Q12,1,1,MN
79761346,Q12,2,1,MN
79761347,Q12,1,1,MN
79761348,Q12,2,1,MN
79761350,Q12,1,0,MN
79761351,Q12,2,1,MN
79761352,Q12,2,1,MN
79761W00,Q12,2,0,MN
79761W01,Q12,2,1,MN
79761W02,Q12,2,1,MN
79761W03,Q12,2,1,MN
79761W06,Q12,2,1,MN
79761W09,Q12,2,1,MN
79761W10,Q12,2,1,MN
79761W12,Q12,2,1,MN
79761W13,Q12,2,1,MN
79761W14,Q12,2,1,MN
79761W15,Q12,2,1,MN
79761W16,Q12,2,1,MN
79761W18,Q12,2,1,MN
79761W19,Q12,2,1,MN
79761W20,Q12,2,1,MN
79761W21,Q12,2,1,MN
79761W22,Q12,2,1,MN
79761W23,Q12,2,1,MN
79761W24,Q12,2,1,MN
79761W25,Q12,2,1,MN
79761W28,Q12,2,1,MN
79761W29,Q12,2,1,MN
79761W30,Q12,2,1,MN
79761W31,Q12,2,1,MN
79761W32,Q12,2,1,MN
79761W33,Q12,2,1,MN
79761w334,Q12,2,0,MN
79761W34,Q12,2,1,MN
79761W35,Q12,2,1,MN
79761W36,Q12,2,1,MN
79761W37,Q12,2,1,MN
79761W40,Q12,2,1,MN
79761W41,Q12,2,1,MN
79761W43,Q12,2,1,MN
79761W44,Q12,2,1,MN
79761W47,Q12,2,1,MN
79761W48,Q12,2,1,MN
79761W49,Q12,2,1,MN
79761W50,Q12,2,1,MN
79761W52,Q12,2,1,MN
79761W53,Q12,2,1,MN
79761W55,Q12,2,1,MN
79761W56,Q12,2,1,MN
79761W57,Q12,2,1,MN
79761W58,Q12,2,1,MN
79761W60,Q12,2,1,MN
79761W61,Q12,2,1,MN
79761W62,Q12,2,1,MN
79761W63,Q12,2,1,MN
79761W65,Q12,2,1,MN
79761W66,Q12,2,1,MN
79761W67,Q12,2,1,MN
79761W68,Q12,2,1,MN
79761W69,Q12,2,1,MN
79761W70,Q12,2,1,MN
79761W72,Q12,2,1,MN
79761W74,Q12,2,1,MN
79761W75,Q12,2,1,MN
79761W78,Q12,2,1,MN
79761W79,Q12,2,1,MN
79761W80,Q12,2,1,MN
79761W82,Q12,2,1,MN
79761W83,Q12,2,1,MN
79761W86,Q12,2,1,MN
79761W87,Q12,2,1,MN
79761w88,Q12,2,1,MN
79761W91,Q12,2,1,MN
79761W92,Q12,2,1,MN
79761W93,Q12,2,1,MN
79761W94,Q12,2,1,MN
79761W96,Q12,2,1,MN
79761W98,Q12,2,1,MN
79761W99,Q12,2,1,MN
79761WA0,Q12,2,1,MN
79761WA1,Q12,2,1,MN
79761WA2,Q12,2,1,MN
79761WA5,Q12,2,1,MN
79761WA7,Q12,2,1,MN
79761WA9,Q12,2,1,MN
79761Waa1,Q12,2,0,MN
79761waa2,Q12,2,0,MN
79761waa3,Q12,2,0,MN
79761waa4,Q12,2,0,MN
79761waa5,Q12,2,0,MN
79761Waa6,Q12,2,0,MN
79761Waa7,Q12,2,0,MN
79761waa8,Q12,2,0,MN
79761WB0,Q12,2,1,MN
79761WB1,Q12,2,1,MN
79761WB2,Q12,2,1,MN
79761WB3,Q12,2,1,MN
79761WB4,Q12,2,1,MN
79761WB5,Q12,2,1,MN
79761WB6,Q12,2,1,MN
79761WB7,Q12,2,1,MN
79761WB8,Q12,2,1,MN
79761WC1,Q12,2,1,MN
79761WC2,Q12,2,1,MN
79761WC3,Q12,2,1,MN
79761WC4,Q12,2,1,MN
79761WC5,Q12,2,1,MN
79761WC6,Q12,2,1,MN
79761WC7,Q12,2,1,MN
79761WD0,Q12,2,1,MN
79761WD1,Q12,2,1,MN
79761WD2,Q12,2,1,MN
79761WD3,Q12,2,1,MN
79761WD4,Q12,2,1,MN
79761WD5,Q12,2,1,MN
79761WD7,Q12,2,1,MN
79761WE0,Q12,2,1,MN
79761WE1,Q12,2,1,MN
79761WE2,Q12,2,1,MN
79761WE4,Q12,2,1,MN
79761we5,Q12,2,1,MN
79761WE6,Q12,2,1,MN
79761WE7,Q12,2,1,MN
79761WE8,Q12,2,1,MN
79761WF0,Q12,2,1,MN
79761WF1,Q12,2,1,MN
79761WF2,Q12,2,1,MN
79761WF3,Q12,2,1,MN
79761WF4,Q12,2,1,MN
79761WF5,Q12,2,1,MN
79761WF8,Q12,2,1,MN
79761WF9,Q12,2,1,MN
79761WG0,Q12,2,1,MN
79761WG1,Q12,2,1,MN
79761WG3,Q12,2,1,MN
79761WG4,Q12,2,1,MN
79761WG5,Q12,2,1,MN
79761WG6,Q12,2,1,MN
79761WG7,Q12,2,1,MN
79761WG9,Q12,2,1,MN
79761WH0,Q12,2,1,MN
79761WH1,Q12,2,1,MN
79761WH2,Q12,2,1,MN
79761WH5,Q12,2,1,MN
79761WH8,Q12,2,1,MN
79761WI0,Q12,2,1,MN
79761WI1,Q12,2,1,MN
79761WI3,Q12,2,1,MN
79761WI6,Q12,2,1,MN
79761WI7,Q12,2,1,MN
79761WI9,Q12,2,1,MN
79761WJ0,Q12,2,1,MN
79761WJ1,Q12,2,1,MN
79761WJ2,Q12,2,1,MN
79761WJ3,Q12,2,1,MN
79761WJ4,Q12,2,1,MN
79761WJ5,Q12,2,1,MN
79761WJ6,Q12,2,1,MN
79761WJ7,Q12,2,1,MN
79761Wj8,Q12,2,1,MN
79761Wj9,Q12,2,1,MN
79761Wk1,Q12,2,1,MN
79761Wk3,Q12,2,1,MN
79761Wk4,Q12,2,1,MN
79761Wk6,Q12,2,1,MN
79761Wk8,Q12,2,1,MN
79761Wk9,Q12,2,1,MN
79761WL0,Q12,2,1,MN
79761wl3,Q12,2,1,MN
79761wl6,Q12,2,1,MN
79761wl7,Q12,2,1,MN
79761wl8,Q12,2,1,MN
79761wl9,Q12,2,1,MN
79761wm0,Q12,2,1,MN
79761wm1,Q12,2,1,MN
79761wm3,Q12,2,1,MN
79761wm4,Q12,2,1,MN
79761WM6,Q12,2,0,MN
79761WN1,Q12,2,1,MN
79761WN2,Q12,2,1,MN
79761wn3,Q12,2,1,MN
79761wn4,Q12,2,1,MN
79761wn5,Q12,2,1,MN
79761wn6,Q12,2,1,MN
79761wn7,Q12,2,1,MN
79761wn8,Q12,2,1,MN
79761wn9,Q12,2,1,MN
79761wp0,Q12,2,1,MN
79761wp2,Q12,2,1,MN
79761wp5,Q12,2,1,MN
79761WP6,Q12,2,0,MN
79761wp8,Q12,2,1,MN
79761wp9,Q12,2,1,MN
79761wq0,Q12,2,1,MN
79761wq1,Q12,2,1,MN
79761wq2,Q12,2,1,MN
79761wq3,Q12,2,1,MN
79761wq4,Q12,2,1,MN
79761wq5,Q12,2,1,MN
79761wq6,Q12,2,1,MN
79761wq9,Q12,2,1,MN
79761wr1,Q12,2,1,MN
79761wr2,Q12,2,1,MN
79761wr3,Q12,2,1,MN
79761Wr4,Q12,2,1,MN
79761wr5,Q12,2,1,MN
79761wr6,Q12,2,1,MN
79761wr7,Q12,2,1,MN
79761wr8,Q12,2,1,MN
79761wr9,Q12,2,1,MN
79761ws1,Q12,2,1,MN
79761ws2,Q12,2,1,MN
79761ws3,Q12,2,1,MN
79761ws5,Q12,2,1,MN
79761WS7,Q12,2,0,MN
79761WU5,Q12,2,0,MN
79761WU6,Q12,2,0,MN
79761WU7,Q12,2,0,MN
79761WUO,Q12,2,0,MN
79761ww0,Q12,2,1,MN
79761WW1,Q12,2,1,MN
79761ww2,Q12,2,1,MN
79761ww3,Q12,2,1,MN
79761ww4,Q12,2,1,MN
79761ww5,Q12,2,1,MN
79761ww7,Q12,2,1,MN
79761ww8,Q12,2,1,MN
79761ww9,Q12,2,1,MN
79761wx1,Q12,2,1,MN
79761wx2,Q12,2,1,MN
79761wx3,Q12,2,1,MN
79761wx4,Q12,2,1,MN
79761wx5,Q12,2,1,MN
79761wx6,Q12,2,1,MN
79761wx9,Q12,2,1,MN
79761wy1,Q12,2,1,MN
79761wy2,Q12,2,1,MN
79761wy5,Q12,2,1,MN
79761wy7,Q12,2,1,MN
79761wy8,Q12,2,1,MN
79761wy9,Q12,2,1,MN
79761WZ01,Q12,2,0,MN
79761wz2,Q12,2,1,MN
79761wz3,Q12,2,1,MN
79761wz5,Q12,2,1,MN
79761wz6,Q12,2,1,MN
79761wz7,Q12,2,1,MN
79761wz8,Q12,2,1,MN
7976AWD6,Q12,2,0,MN
7976WAA0,Q12,2,0,MN
7976WAA1,Q12,2,0,MN
7976WAA2,Q12,2,0,MN
7976WAA3,Q12,2,0,MN
7976WAA4,Q12,2,0,MN
7976WAA5,Q12,2,0,MN
7976WAA6,Q12,2,0,MN
7976WAA7,Q12,2,0,MN
7976WAA9,Q12,2,0,MN
7976WAB0,Q12,2,0,MN
7976WAB1,Q12,2,0,MN
7976WAB2,Q12,2,0,MN
7976WAB3,Q12,2,0,MN
7976WAB4,Q12,2,0,MN
7976WAB5,Q12,2,0,MN
7976WAB6,Q12,2,0,MN
7976WAB8,Q12,2,0,MN
7976WAB9,Q12,2,0,MN
7976WAC0,Q12,2,0,MN
7976WAC1,Q12,2,0,MN
7976WAC2,Q12,2,0,MN
7976WAC3,Q12,2,0,MN
7976WAC4,Q12,2,0,MN
7976WAC6,Q12,2,0,MN
7976WAC7,Q12,2,0,MN
7976WAC9,Q12,2,0,MN
7976WAD0,Q12,2,0,MN
7976WAD1,Q12,2,0,MN
7976WAD2,Q12,2,0,MN
7976WAD3,Q12,2,0,MN
7976WAD4,Q12,2,0,MN
7976WAD7,Q12,2,0,MN
7976WAD8,Q12,2,0,MN
7976Ww05,Q12,2,0,MN
79762101,Thủ Đức,2,0,MN
79762102,Thủ Đức,2,0,MN
79762103,Thủ Đức,2,1,MN
79762104,Thủ Đức,2,0,MN
79762105,Thủ Đức,2,1,MN
79762106,Thủ Đức,2,0,MN
79762109,Thủ Đức,2,0,MN
79762110,Thủ Đức,2,0,MN
79762111,Thủ Đức,2,0,MN
79762112,Thủ Đức,2,1,MN
79762113,Thủ Đức,2,0,MN
79762114,Thủ Đức,2,0,MN
79762115,Thủ Đức,1,0,MN
79762118,Thủ Đức,2,1,MN
79762121,Thủ Đức,2,1,MN
79762122,Thủ Đức,2,1,MN
79762124,Thủ Đức,2,1,MN
79762125,Thủ Đức,2,1,MN
79762126,Thủ Đức,2,1,MN
79762127,Thủ Đức,2,1,MN
79762128,Thủ Đức,2,1,MN
79762129,Thủ Đức,2,1,MN
79762131,Thủ Đức,2,1,MN
79762133,Thủ Đức,2,1,MN
79762134,Thủ Đức,2,1,MN
79762137,Thủ Đức,2,1,MN
79762139,Thủ Đức,2,1,MN
79762143,Thủ Đức,2,1,MN
79762144,Thủ Đức,2,1,MN
79762145,Thủ Đức,2,1,MN
79762146,Thủ Đức,2,1,MN
79762147,Thủ Đức,2,1,MN
79762148,Thủ Đức,2,1,MN
79762149,Thủ Đức,2,1,MN
79762151,Thủ Đức,2,1,MN
79762153,Thủ Đức,2,1,MN
79762155,Thủ Đức,2,1,MN
79762160,Thủ Đức,2,1,MN
79762161,Thủ Đức,2,1,MN
79762162,Thủ Đức,2,1,MN
79762163,Thủ Đức,2,1,MN
79762164,Thủ Đức,2,1,MN
79762166,Thủ Đức,2,1,MN
79762167,Thủ Đức,2,1,MN
79762168,Thủ Đức,2,1,MN
79762170,Thủ Đức,2,1,MN
79762172,Thủ Đức,2,1,MN
79762173,Thủ Đức,2,1,MN
79762174,Thủ Đức,2,1,MN
79762175,Thủ Đức,2,1,MN
79762176,Thủ Đức,2,1,MN
79762178,Thủ Đức,2,1,MN
79762179,Thủ Đức,2,1,MN
79762180,Thủ Đức,2,1,MN
79762181,Thủ Đức,2,1,MN
79762182,Thủ Đức,2,1,MN
79762183,Thủ Đức,2,1,MN
79762187,Thủ Đức,2,1,MN
79762190,Thủ Đức,2,1,MN
79762192,Thủ Đức,2,1,MN
79762193,Thủ Đức,2,1,MN
79762194,Thủ Đức,2,1,MN
79762197,Thủ Đức,2,1,MN
79762198,Thủ Đức,2,1,MN
79762199,Thủ Đức,2,1,MN
797621A1,Thủ Đức,2,0,MN
797621A7,Thủ Đức,2,0,MN
797621W1,Thủ Đức,2,0,MN
797621W2,Thủ Đức,2,0,MN
797621W3,Thủ Đức,2,0,MN
797621W4,Thủ Đức,2,0,MN
797621W5,Thủ Đức,2,0,MN
79762200,Thủ Đức,2,1,MN
79762201,Thủ Đức,2,1,MN
79762202,Thủ Đức,2,1,MN
79762203,Thủ Đức,2,1,MN
79762204,Thủ Đức,1,1,MN
79762211,Thủ Đức,2,1,MN
79762213,Thủ Đức,2,1,MN
79762215,Thủ Đức,2,1,MN
79762216,Thủ Đức,2,1,MN
79762217,Thủ Đức,2,1,MN
79762220,Thủ Đức,2,1,MN
79762221,Thủ Đức,2,1,MN
79762222,Thủ Đức,2,1,MN
79762223,Thủ Đức,2,1,MN
79762224,Thủ Đức,2,1,MN
79762301,Thủ Đức,2,1,MN
79762302,Thủ Đức,1,1,MN
79762303,Thủ Đức,1,1,MN
79762304,Thủ Đức,1,1,MN
79762305,Thủ Đức,1,1,MN
79762306,Thủ Đức,1,1,MN
79762307,Thủ Đức,1,1,MN
79762308,Thủ Đức,1,1,MN
79762309,Thủ Đức,1,1,MN
79762310,Thủ Đức,1,1,MN
79762311,Thủ Đức,2,1,MN
79762312,Thủ Đức,2,1,MN
79762313,Thủ Đức,2,1,MN
79762315,Thủ Đức,1,1,MN
79762316,Thủ Đức,1,1,MN
79762317,Thủ Đức,1,1,MN
79762319,Thủ Đức,1,1,MN
79762320,Thủ Đức,1,1,MN
79762321,Thủ Đức,2,1,MN
79762322,Thủ Đức,2,1,MN
79762323,Thủ Đức,2,1,MN
79762324,Thủ Đức,2,1,MN
79762325,Thủ Đức,2,1,MN
79762326,Thủ Đức,2,1,MN
79762327,Thủ Đức,2,1,MN
79762328,Thủ Đức,2,1,MN
79762329,Thủ Đức,2,1,MN
79762331,Thủ Đức,2,1,MN
79762332,Thủ Đức,2,1,MN
79762334,Thủ Đức,2,1,MN
79762338,Thủ Đức,2,1,MN
79762340,Thủ Đức,2,1,MN
79762341,Thủ Đức,2,1,MN
79762342,Thủ Đức,2,1,MN
79762344,Thủ Đức,2,1,MN
79762346,Thủ Đức,2,1,MN
79762347,Thủ Đức,1,1,MN
79762348,Thủ Đức,2,1,MN
79762349,Thủ Đức,2,1,MN
79762351,Thủ Đức,2,1,MN
79762352,Thủ Đức,2,1,MN
79762353,Thủ Đức,2,1,MN
79762354,Thủ Đức,2,1,MN
79762356,Thủ Đức,2,1,MN
79762357,Thủ Đức,2,1,MN
79762358,Thủ Đức,1,1,MN
79762359,Thủ Đức,2,1,MN
79762361,Thủ Đức,2,1,MN
79762362,Thủ Đức,2,1,MN
79762363,Thủ Đức,2,1,MN
79762364,Thủ Đức,2,1,MN
79762365,Thủ Đức,2,1,MN
79762367,Thủ Đức,2,1,MN
79762368,Thủ Đức,2,1,MN
79762369,Thủ Đức,2,1,MN
79762370,Thủ Đức,2,1,MN
79762371,Thủ Đức,2,1,MN
79762372,Thủ Đức,2,1,MN
79762373,Thủ Đức,2,1,MN
79762374,Thủ Đức,1,1,MN
79762376,Thủ Đức,2,1,MN
79762377,Thủ Đức,2,1,MN
79762378,Thủ Đức,2,1,MN
79762380,Thủ Đức,2,1,MN
79762381,Thủ Đức,2,1,MN
79762382,Thủ Đức,2,1,MN
79762383,Thủ Đức,2,1,MN
79762384,Thủ Đức,2,1,MN
79762385,Thủ Đức,2,1,MN
79762386,Thủ Đức,2,1,MN
79762388,Thủ Đức,1,1,MN
79762389,Thủ Đức,2,1,MN
79762390,Thủ Đức,2,1,MN
79762391,Thủ Đức,2,1,MN
79762392,Thủ Đức,2,1,MN
79762393,Thủ Đức,1,1,MN
79762394,Thủ Đức,1,1,MN
79762395,Thủ Đức,2,1,MN
79762396,Thủ Đức,2,1,MN
79762397,Thủ Đức,2,1,MN
79762398,Thủ Đức,2,1,MN
79762399,Thủ Đức,2,1,MN
797623W7,Thủ Đức,2,1,MN
797623W8,Thủ Đức,2,1,MN
797623W9,Thủ Đức,1,1,MN
797623X0,Thủ Đức,1,0,MN
797623X1,Thủ Đức,2,0,MN
797623X2,Thủ Đức,2,0,MN
797623X3,Thủ Đức,2,0,MN
797623X4,Thủ Đức,2,0,MN
797623X5,Thủ Đức,2,0,MN
79762L93,Thủ Đức,2,1,MN
79762L94,Thủ Đức,2,1,MN
79762LB0,Thủ Đức,2,0,MN
79762LB1,Thủ Đức,2,0,MN
79762LB3,Thủ Đức,2,0,MN
79762W02,Thủ Đức,2,1,MN
79762W04,Thủ Đức,2,1,MN
79762W05,Thủ Đức,2,1,MN
79762W61,Thủ Đức,2,1,MN
79762W62,Thủ Đức,2,1,MN
79762W66,Thủ Đức,2,1,MN
79762W72,Thủ Đức,2,1,MN
79762W73,Thủ Đức,2,1,MN
79762W74,Thủ Đức,2,1,MN
79762W75,Thủ Đức,2,1,MN
79762W76,Thủ Đức,2,1,MN
79762W77,Thủ Đức,2,1,MN
79762W79,Thủ Đức,2,1,MN
79762W80,Thủ Đức,2,1,MN
79762W81,Thủ Đức,2,1,MN
79762W82,Thủ Đức,2,1,MN
79762W83,Thủ Đức,2,1,MN
79762W84,Thủ Đức,2,1,MN
79762W85,Thủ Đức,2,1,MN
79762W86,Thủ Đức,2,1,MN
79762W94,Thủ Đức,2,1,MN
79762W99,Thủ Đức,2,1,MN
79762WA0,Thủ Đức,2,1,MN
79762WA3,Thủ Đức,2,1,MN
79762WA4,Thủ Đức,2,1,MN
79762WA5,Thủ Đức,2,1,MN
79762WA6,Thủ Đức,2,1,MN
79762WA7,Thủ Đức,2,1,MN
79762WB1,Thủ Đức,2,1,MN
79762WB5,Thủ Đức,2,1,MN
79762WB6,Thủ Đức,2,1,MN
79762WB7,Thủ Đức,2,1,MN
79763138,Q9,2,1,MN
79763139,Q9,2,1,MN
79763202,Q9,1,1,MN
79763203,Q9,1,1,MN
79763205,Q9,2,1,MN
79763206,Q9,2,1,MN
79763301,Q9,1,1,MN
79763302,Q9,1,1,MN
79763303,Q9,1,1,MN
79763304,Q9,1,1,MN
79763305,Q9,1,1,MN
79763306,Q9,1,1,MN
79763307,Q9,1,1,MN
79763308,Q9,1,1,MN
79763309,Q9,1,1,MN
79763310,Q9,2,1,MN
79763312,Q9,1,1,MN
79763313,Q9,1,1,MN
79763314,Q9,1,1,MN
79763315,Q9,2,1,MN
79763316,Q9,2,1,MN
79763317,Q9,2,1,MN
79763318,Q9,2,1,MN
79763319,Q9,2,1,MN
79763320,Q9,2,1,MN
79763321,Q9,2,1,MN
79763322,Q9,1,1,MN
79763323,Q9,1,1,MN
79763324,Q9,2,1,MN
79763326,Q9,1,1,MN
79763331,Q9,2,1,MN
79763332,Q9,2,1,MN
79763333,Q9,2,1,MN
79763334,Q9,2,1,MN
79763335,Q9,1,1,MN
79763336,Q9,1,1,MN
79763337,Q9,2,1,MN
79763338,Q9,2,1,MN
79763339,Q9,2,1,MN
79763340,Q9,1,1,MN
79763341,Q9,2,1,MN
79763342,Q9,2,1,MN
79763343,Q9,2,1,MN
79763344,Q9,2,1,MN
79763345,Q9,2,1,MN
79763346,Q9,2,1,MN
79763347,Q9,2,0,MN
79763348,Q9,2,0,MN
79763349,Q9,2,0,MN
79763350,Q9,2,0,MN
79763351,Q9,2,0,MN
79763352,Q9,2,0,MN
79763353,Q9,2,0,MN
79763354,Q9,2,0,MN
79763355,Q9,2,0,MN
79763356,Q9,2,0,MN
79763357,Q9,2,0,MN
79763358,Q9,2,0,MN
79763359,Q9,2,0,MN
79763360,Q9,2,0,MN
79763L42,Q9,2,1,MN
79763L43,Q9,2,1,MN
79763L45,Q9,2,1,MN
79763L48,Q9,2,1,MN
79763L49,Q9,2,1,MN
79763L50,Q9,2,1,MN
79763L54,Q9,2,1,MN
79763L55,Q9,2,1,MN
79763L56,Q9,2,1,MN
79763L57,Q9,2,1,MN
79763L59,Q9,2,1,MN
79763L64,Q9,2,0,MN
79763L66,Q9,2,0,MN
79763L67,Q9,2,0,MN
79763L68,Q9,2,0,MN
79763L69,Q9,2,0,MN
79763L70,Q9,2,0,MN
79763L71,Q9,2,0,MN
79763L72,Q9,2,0,MN
79763L73,Q9,2,0,MN
79763L74,Q9,2,0,MN
79763L75,Q9,2,0,MN
79763L76,Q9,2,0,MN
79763L77,Q9,2,0,MN
79763L78,Q9,2,0,MN
79763L79,Q9,2,0,MN
79763L80,Q9,2,0,MN
79763L81,Q9,2,0,MN
79763L82,Q9,2,0,MN
79763L83,Q9,2,0,MN
79763L84,Q9,2,0,MN
79763L85,Q9,2,0,MN
79763L86,Q9,2,0,MN
79763L87,Q9,2,0,MN
79763L88,Q9,2,0,MN
79763L89,Q9,2,0,MN
79763L90,Q9,2,0,MN
79763L91,Q9,2,0,MN
79763L92,Q9,2,0,MN
79763L93,Q9,2,0,MN
79763L94,Q9,2,0,MN
79763L95,Q9,2,0,MN
79763L96,Q9,2,0,MN
79763L97,Q9,2,0,MN
79763L98,Q9,2,0,MN
79763L99,Q9,2,0,MN
79763O03,Q9,2,1,MN
79763O05,Q9,2,1,MN
79763O13,Q9,2,1,MN
79763O14,Q9,2,1,MN
79763O19,Q9,2,1,MN
79763O20,Q9,2,0,MN
79763O21,Q9,2,1,MN
79763O22,Q9,2,0,MN
79763O23,Q9,2,1,MN
79763V01,Q9,2,0,MN
79763W02,Q9,2,1,MN
79763W03,Q9,2,1,MN
79763W05,Q9,2,1,MN
79763W06,Q9,2,1,MN
79763W08,Q9,2,1,MN
79763W09,Q9,2,1,MN
79763W13,Q9,2,1,MN
79763W14,Q9,2,1,MN
79763W15,Q9,2,1,MN
79763W17,Q9,2,1,MN
79763W18,Q9,2,1,MN
79763W21,Q9,2,1,MN
79763W22,Q9,2,1,MN
79763W26,Q9,2,1,MN
79763W32,Q9,2,1,MN
79763W33,Q9,2,1,MN
79763W34,Q9,2,1,MN
79763W36,Q9,2,1,MN
79763W37,Q9,2,0,MN
79763W40,Q9,2,1,MN
79763W41,Q9,2,1,MN
79763W43,Q9,2,1,MN
79763W44,Q9,2,1,MN
79763W45,Q9,2,1,MN
79763W47,Q9,2,1,MN
79763W49,Q9,2,1,MN
79763W51,Q9,2,1,MN
79763W53,Q9,2,1,MN
79763W54,Q9,2,0,MN
79763X04,Q9,2,1,MN
7942638,Gò Vấp,2,0,MN
7976251,Gò Vấp,2,0,MN
79764101,Gò Vấp,2,0,MN
79764102,Gò Vấp,2,0,MN
79764103,Gò Vấp,2,0,MN
79764104,Gò Vấp,2,0,MN
79764105,Gò Vấp,2,0,MN
79764201,Gò Vấp,2,1,MN
79764202,Gò Vấp,2,1,MN
79764203,Gò Vấp,2,0,MN
79764204,Gò Vấp,2,1,MN
79764205,Gò Vấp,2,1,MN
79764206,Gò Vấp,2,1,MN
79764207,Gò Vấp,2,1,MN
79764208,Gò Vấp,2,0,MN
79764210,Gò Vấp,2,1,MN
79764212,Gò Vấp,2,1,MN
79764213,Gò Vấp,2,0,MN
79764215,Gò Vấp,2,1,MN
79764216,Gò Vấp,2,1,MN
79764217,Gò Vấp,2,1,MN
79764219,Gò Vấp,2,0,MN
79764220,Gò Vấp,2,0,MN
79764242,Gò Vấp,2,0,MN
79764244,Gò Vấp,2,0,MN
79764246,Gò Vấp,2,0,MN
79764247,Gò Vấp,2,0,MN
79764248,Gò Vấp,2,0,MN
79764252,Gò Vấp,2,0,MN
79764253,Gò Vấp,2,0,MN
79764254,Gò Vấp,2,0,MN
79764255,Gò Vấp,2,0,MN
79764259,Gò Vấp,2,0,MN
79764301,Gò Vấp,1,1,MN
79764302,Gò Vấp,1,1,MN
79764303,Gò Vấp,1,1,MN
79764304,Gò Vấp,1,1,MN
79764305,Gò Vấp,1,1,MN
79764306,Gò Vấp,1,1,MN
79764307,Gò Vấp,1,1,MN
79764308,Gò Vấp,1,1,MN
79764309,Gò Vấp,1,1,MN
79764310,Gò Vấp,1,1,MN
79764311,Gò Vấp,1,1,MN
79764312,Gò Vấp,1,1,MN
79764313,Gò Vấp,1,1,MN
79764314,Gò Vấp,1,1,MN
79764315,Gò Vấp,1,1,MN
79764316,Gò Vấp,1,1,MN
79764317,Gò Vấp,1,1,MN
79764318,Gò Vấp,1,1,MN
79764319,Gò Vấp,1,1,MN
7976432,Gò Vấp,2,0,MN
79764320,Gò Vấp,2,1,MN
79764321,Gò Vấp,2,1,MN
79764323,Gò Vấp,2,1,MN
79764324,Gò Vấp,2,1,MN
79764325,Gò Vấp,2,1,MN
79764326,Gò Vấp,2,1,MN
79764327,Gò Vấp,2,1,MN
79764328,Gò Vấp,2,0,MN
79764329,Gò Vấp,2,1,MN
79764331,Gò Vấp,2,1,MN
79764332,Gò Vấp,2,1,MN
79764333,Gò Vấp,2,1,MN
79764334,Gò Vấp,2,0,MN
79764335,Gò Vấp,2,1,MN
79764336,Gò Vấp,2,1,MN
79764337,Gò Vấp,2,1,MN
79764338,Gò Vấp,2,1,MN
79764339,Gò Vấp,1,1,MN
79764340,Gò Vấp,2,0,MN
79764341,Gò Vấp,2,1,MN
79764342,Gò Vấp,2,0,MN
79764349,Gò Vấp,2,0,MN
79764354,Gò Vấp,2,1,MN
79764355,Gò Vấp,2,1,MN
79764356,Gò Vấp,1,1,MN
79764357,Gò Vấp,1,1,MN
79764358,Gò Vấp,2,0,MN
79764359,Gò Vấp,2,0,MN
79764360,Gò Vấp,2,0,MN
79764361,Gò Vấp,2,0,MN
79764365,Gò Vấp,2,0,MN
79764373,Gò Vấp,2,1,MN
7976466,Gò Vấp,2,0,MN
7976467,Gò Vấp,2,0,MN
7976470,Gò Vấp,2,0,MN
7976488,Gò Vấp,2,0,MN
7976499,Gò Vấp,2,0,MN
79764L02,Gò Vấp,2,1,MN
79764L66,Gò Vấp,2,1,MN
79764L67,Gò Vấp,2,1,MN
79764L69,Gò Vấp,2,1,MN
79764L70,Gò Vấp,2,1,MN
79764L71,Gò Vấp,2,1,MN
79764L72,Gò Vấp,2,1,MN
79764L73,Gò Vấp,2,1,MN
79764L74,Gò Vấp,2,1,MN
79764L75,Gò Vấp,2,1,MN
79764L77,Gò Vấp,2,1,MN
79764L78,Gò Vấp,2,1,MN
79764L79,Gò Vấp,2,1,MN
79764L81,Gò Vấp,2,1,MN
79764L83,Gò Vấp,2,1,MN
79764O01,Gò Vấp,2,1,MN
79764O83,Gò Vấp,2,1,MN
79764W01,Gò Vấp,2,1,MN
79764W02,Gò Vấp,2,1,MN
79764W04,Gò Vấp,2,1,MN
79764W05,Gò Vấp,2,1,MN
79764W06,Gò Vấp,2,1,MN
79764W07,Gò Vấp,2,1,MN
79764W12,Gò Vấp,2,1,MN
79764W13,Gò Vấp,2,1,MN
79764W18,Gò Vấp,2,1,MN
79764W19,Gò Vấp,2,1,MN
79764W20,Gò Vấp,2,1,MN
79764W21,Gò Vấp,2,1,MN
79764W22,Gò Vấp,2,1,MN
79764W24,Gò Vấp,2,1,MN
79764W27,Gò Vấp,2,1,MN
79764W28,Gò Vấp,2,1,MN
79764W29,Gò Vấp,2,1,MN
79764W32,Gò Vấp,2,1,MN
79764W37,Gò Vấp,2,1,MN
79764W39,Gò Vấp,2,1,MN
79764W40,Gò Vấp,2,1,MN
79764W42,Gò Vấp,2,1,MN
79764W44,Gò Vấp,2,1,MN
79764W47,Gò Vấp,2,1,MN
79764W48,Gò Vấp,2,1,MN
79764W50,Gò Vấp,2,1,MN
79764W53,Gò Vấp,2,1,MN
79764W54,Gò Vấp,2,1,MN
79764W55,Gò Vấp,2,1,MN
79764W58,Gò Vấp,2,1,MN
79764W62,Gò Vấp,2,1,MN
79764W63,Gò Vấp,2,1,MN
79764W64,Gò Vấp,2,1,MN
79764W67,Gò Vấp,2,1,MN
79764W68,Gò Vấp,2,1,MN
79764W74,Gò Vấp,2,1,MN
79764W80,Gò Vấp,2,1,MN
79764W83,Gò Vấp,2,1,MN
79764W85,Gò Vấp,2,1,MN
79764W87,Gò Vấp,2,1,MN
79764W89,Gò Vấp,2,1,MN
79764W90,Gò Vấp,2,1,MN
79764W91,Gò Vấp,2,1,MN
79764W92,Gò Vấp,2,1,MN
79764W93,Gò Vấp,2,1,MN
79764W96,Gò Vấp,2,1,MN
79764WA6,Gò Vấp,2,1,MN
79764WA7,Gò Vấp,2,1,MN
79764WA8,Gò Vấp,2,1,MN
79764WB1,Gò Vấp,2,1,MN
79764WB3,Gò Vấp,2,1,MN
79764WB6,Gò Vấp,2,1,MN
79764WB7,Gò Vấp,2,1,MN
79764WB8,Gò Vấp,2,1,MN
79764WC2,Gò Vấp,2,1,MN
79764X01,Gò Vấp,2,1,MN
79764X02,Gò Vấp,2,1,MN
79764X03,Gò Vấp,2,1,MN
79764X04,Gò Vấp,2,1,MN
79764X05,Gò Vấp,2,1,MN
79764X06,Gò Vấp,2,0,MN
79764X07,Gò Vấp,2,1,MN
79764X08,Gò Vấp,2,1,MN
79764X09,Gò Vấp,2,1,MN
79764X11,Gò Vấp,2,1,MN
79764X13,Gò Vấp,2,1,MN
79764X14,Gò Vấp,2,1,MN
79764X17,Gò Vấp,2,1,MN
79764X20,Gò Vấp,2,1,MN
79764X21,Gò Vấp,2,1,MN
79764X27,Gò Vấp,2,1,MN
79764X28,Gò Vấp,2,1,MN
79764X29,Gò Vấp,2,1,MN
79764X31,Gò Vấp,2,1,MN
79764X32,Gò Vấp,2,1,MN
79764X33,Gò Vấp,2,1,MN
79764X34,Gò Vấp,2,1,MN
79764X35,Gò Vấp,2,1,MN
79764X39,Gò Vấp,2,0,MN
79765201,Bình Thạnh,2,1,MN
79765202,Bình Thạnh,2,1,MN
79765203,Bình Thạnh,2,1,MN
79765204,Bình Thạnh,2,1,MN
79765205,Bình Thạnh,2,1,MN
79765206,Bình Thạnh,2,1,MN
79765207,Bình Thạnh,2,1,MN
79765209,Bình Thạnh,2,1,MN
79765211,Bình Thạnh,2,1,MN
79765301,Bình Thạnh,1,1,MN
79765302,Bình Thạnh,1,1,MN
79765303,Bình Thạnh,1,1,MN
79765304,Bình Thạnh,1,1,MN
79765305,Bình Thạnh,1,1,MN
79765306,Bình Thạnh,1,1,MN
79765307,Bình Thạnh,1,1,MN
79765308,Bình Thạnh,1,1,MN
79765309,Bình Thạnh,1,1,MN
79765310,Bình Thạnh,1,1,MN
79765311,Bình Thạnh,1,1,MN
79765312,Bình Thạnh,1,1,MN
79765313,Bình Thạnh,1,1,MN
79765314,Bình Thạnh,1,1,MN
79765315,Bình Thạnh,1,1,MN
79765316,Bình Thạnh,1,1,MN
79765317,Bình Thạnh,1,1,MN
79765318,Bình Thạnh,1,1,MN
79765319,Bình Thạnh,1,1,MN
79765320,Bình Thạnh,1,1,MN
79765321,Bình Thạnh,1,1,MN
79765322,Bình Thạnh,1,1,MN
79765323,Bình Thạnh,1,1,MN
79765324,Bình Thạnh,1,1,MN
79765325,Bình Thạnh,1,1,MN
79765326,Bình Thạnh,2,1,MN
79765327,Bình Thạnh,2,1,MN
79765328,Bình Thạnh,2,1,MN
79765329,Bình Thạnh,2,1,MN
79765331,Bình Thạnh,2,1,MN
79765332,Bình Thạnh,2,1,MN
79765333,Bình Thạnh,2,1,MN
79765334,Bình Thạnh,2,1,MN
79765335,Bình Thạnh,2,1,MN
79765336,Bình Thạnh,2,1,MN
79765337,Bình Thạnh,2,1,MN
79765338,Bình Thạnh,2,1,MN
79765339,Bình Thạnh,2,1,MN
79765341,Bình Thạnh,2,1,MN
79765342,Bình Thạnh,2,1,MN
79765343,Bình Thạnh,2,1,MN
79765344,Bình Thạnh,2,1,MN
79765L12,Bình Thạnh,2,1,MN
79765L13,Bình Thạnh,2,1,MN
79765L14,Bình Thạnh,2,1,MN
79765L15,Bình Thạnh,2,1,MN
79765L16,Bình Thạnh,2,1,MN
79765L45,Bình Thạnh,2,1,MN
79765L46,Bình Thạnh,2,1,MN
79765L47,Bình Thạnh,2,1,MN
79765L48,Bình Thạnh,2,1,MN
79765L49,Bình Thạnh,2,1,MN
79765L51,Bình Thạnh,2,1,MN
79765L52,Bình Thạnh,2,1,MN
79765L54,Bình Thạnh,2,1,MN
79765L55,Bình Thạnh,2,1,MN
79765L56,Bình Thạnh,2,1,MN
79765L57,Bình Thạnh,2,1,MN
79765L58,Bình Thạnh,2,1,MN
79765O01,Bình Thạnh,2,1,MN
79765O03,Bình Thạnh,2,1,MN
79765O09,Bình Thạnh,2,1,MN
79765O12,Bình Thạnh,2,1,MN
79765O18,Bình Thạnh,2,1,MN
79765W01,Bình Thạnh,2,1,MN
79765W05,Bình Thạnh,2,1,MN
79765W06,Bình Thạnh,2,1,MN
79765W07,Bình Thạnh,2,1,MN
79765W09,Bình Thạnh,2,1,MN
79765W13,Bình Thạnh,2,1,MN
79765W15,Bình Thạnh,2,1,MN
79765W17,Bình Thạnh,2,1,MN
79765W19,Bình Thạnh,2,1,MN
79765W21,Bình Thạnh,2,1,MN
79765W27,Bình Thạnh,2,1,MN
79765W28,Bình Thạnh,2,1,MN
79765W30,Bình Thạnh,2,1,MN
79765W31,Bình Thạnh,2,1,MN
79765W33,Bình Thạnh,2,1,MN
79765W35,Bình Thạnh,2,1,MN
79765W36,Bình Thạnh,2,1,MN
79765W37,Bình Thạnh,2,1,MN
79765W40,Bình Thạnh,2,1,MN
79765W41,Bình Thạnh,2,1,MN
79765W42,Bình Thạnh,2,1,MN
79765W43,Bình Thạnh,2,0,MN
79765W45,Bình Thạnh,2,0,MN
79765W46,Bình Thạnh,2,0,MN
79765W47,Bình Thạnh,2,0,MN
79765W48,Bình Thạnh,2,0,MN
79765W49,Bình Thạnh,2,0,MN
79765W50,Bình Thạnh,2,0,MN
79765W51,Bình Thạnh,2,0,MN
79765W52,Bình Thạnh,2,0,MN
79765W53,Bình Thạnh,2,0,MN
79765W54,Bình Thạnh,2,0,MN
79765W55,Bình Thạnh,2,0,MN
79765W56,Bình Thạnh,2,0,MN
79765W57,Bình Thạnh,2,0,MN
79765X01,Bình Thạnh,2,1,MN
79765X03,Bình Thạnh,2,1,MN
79765X04,Bình Thạnh,2,1,MN
79765X05,Bình Thạnh,2,1,MN
79765X06,Bình Thạnh,2,1,MN
79765X08,Bình Thạnh,2,1,MN
79765X12,Bình Thạnh,2,1,MN
79765X13,Bình Thạnh,2,1,MN
79765X14,Bình Thạnh,2,1,MN
79765X17,Bình Thạnh,2,1,MN
79765X18,Bình Thạnh,2,1,MN
79765X21,Bình Thạnh,2,1,MN
79765X24,Bình Thạnh,2,1,MN
79765X25,Bình Thạnh,2,1,MN
79765X26,Bình Thạnh,2,1,MN
79765X28,Bình Thạnh,2,1,MN
79765X29,Bình Thạnh,2,1,MN
79765X30,Bình Thạnh,2,1,MN
79765X31,Bình Thạnh,2,1,MN
79765X34,Bình Thạnh,2,1,MN
79765X35,Bình Thạnh,2,1,MN
79765X37,Bình Thạnh,2,1,MN
79765X39,Bình Thạnh,2,1,MN
79765x40,Bình Thạnh,2,0,MN
79766100,Tân Bình,2,1,MN
79766101,Tân Bình,2,1,MN
79766102,Tân Bình,2,1,MN
79766200,Tân Bình,2,1,MN
79766201,Tân Bình,2,1,MN
79766202,Tân Bình,2,1,MN
79766203,Tân Bình,2,1,MN
79766301,Tân Bình,1,1,MN
79766302,Tân Bình,1,1,MN
79766303,Tân Bình,1,1,MN
79766304,Tân Bình,1,1,MN
79766305,Tân Bình,1,1,MN
79766307,Tân Bình,1,1,MN
79766308,Tân Bình,1,1,MN
79766309,Tân Bình,1,1,MN
79766310,Tân Bình,1,1,MN
79766311,Tân Bình,1,1,MN
79766312,Tân Bình,1,1,MN
79766313,Tân Bình,1,1,MN
79766315,Tân Bình,1,1,MN
79766316,Tân Bình,1,1,MN
79766317,Tân Bình,1,1,MN
79766318,Tân Bình,1,1,MN
79766319,Tân Bình,1,1,MN
79766320,Tân Bình,1,1,MN
79766321,Tân Bình,1,1,MN
79766322,Tân Bình,1,1,MN
79766323,Tân Bình,1,1,MN
79766324,Tân Bình,1,1,MN
79766327,Tân Bình,2,1,MN
79766329,Tân Bình,1,1,MN
79766330,Tân Bình,2,1,MN
79766331,Tân Bình,2,1,MN
79766332,Tân Bình,2,1,MN
79766333,Tân Bình,2,1,MN
79766335,Tân Bình,2,1,MN
79766336,Tân Bình,2,1,MN
79766337,Tân Bình,2,1,MN
79766338,Tân Bình,2,1,MN
79766341,Tân Bình,2,1,MN
79766342,Tân Bình,2,1,MN
79766343,Tân Bình,2,1,MN
79766345,Tân Bình,2,1,MN
79766346,Tân Bình,2,1,MN
79766347,Tân Bình,2,1,MN
79766348,Tân Bình,1,1,MN
79766350,Tân Bình,2,1,MN
79766351,Tân Bình,2,1,MN
79766352,Tân Bình,2,1,MN
79766354,Tân Bình,2,1,MN
79766372,Tân Bình,2,1,MN
797663D6,Tân Bình,2,1,MN
797663D8,Tân Bình,2,1,MN
797663D9,Tân Bình,2,1,MN
797663,Tân Bình,2,1,MN
7976630,Tân Bình,2,1,MN
79766300,Tân Bình,2,1,MN
797663000,Tân Bình,2,1,MN
7976630000,Tân Bình,1,0,MN
79766991,Tân Bình,2,0,MN
79766992,Tân Bình,2,0,MN
79766993,Tân Bình,2,0,MN
79766994,Tân Bình,2,0,MN
79766L02,Tân Bình,2,1,MN
79766L05,Tân Bình,2,1,MN
79766L06,Tân Bình,2,1,MN
79766L08,Tân Bình,2,1,MN
79766L10,Tân Bình,2,1,MN
79766L11,Tân Bình,2,1,MN
79766L13,Tân Bình,2,1,MN
79766L14,Tân Bình,2,1,MN
79766L15,Tân Bình,2,1,MN
79766L17,Tân Bình,2,0,MN
79766L18,Tân Bình,2,0,MN
79766L19,Tân Bình,2,0,MN
79766L20,Tân Bình,2,0,MN
79766L30,Tân Bình,2,0,MN
79766L31,Tân Bình,2,0,MN
79766L35,Tân Bình,2,0,MN
79766L36,Tân Bình,2,0,MN
79766L37,Tân Bình,2,0,MN
79766L51,Tân Bình,2,0,MN
79766L52,Tân Bình,2,0,MN
79766LB9,Tân Bình,2,1,MN
79766LC0,Tân Bình,2,1,MN
79766LC3,Tân Bình,2,1,MN
79766LC5,Tân Bình,2,1,MN
79766LC6,Tân Bình,2,1,MN
79766LC7,Tân Bình,2,1,MN
79766LC8,Tân Bình,2,1,MN
79766LC9,Tân Bình,2,1,MN
79766LK3,Tân Bình,2,1,MN
79766LK5,Tân Bình,2,1,MN
79766LK6,Tân Bình,2,1,MN
79766LK7,Tân Bình,2,1,MN
79766TS1,Tân Bình,2,1,MN
79766W02,Tân Bình,2,1,MN
79766W03,Tân Bình,2,1,MN
79766W05,Tân Bình,2,1,MN
79766W06,Tân Bình,2,1,MN
79766W07,Tân Bình,2,1,MN
79766W08,Tân Bình,2,1,MN
79766W09,Tân Bình,2,1,MN
79766W10,Tân Bình,2,1,MN
79766W11,Tân Bình,2,1,MN
79766W12,Tân Bình,2,1,MN
79766W13,Tân Bình,2,1,MN
79766W16,Tân Bình,2,1,MN
79766W17,Tân Bình,2,1,MN
79766W19,Tân Bình,2,1,MN
79766W20,Tân Bình,2,1,MN
79766W21,Tân Bình,2,1,MN
79766W23,Tân Bình,2,1,MN
79766W26,Tân Bình,2,1,MN
79766W28,Tân Bình,2,1,MN
79766W31,Tân Bình,2,1,MN
79766W34,Tân Bình,2,1,MN
79766W35,Tân Bình,2,1,MN
79766W38,Tân Bình,2,1,MN
79766W39,Tân Bình,2,1,MN
79766W40,Tân Bình,2,1,MN
79766W43,Tân Bình,2,1,MN
79766W44,Tân Bình,2,1,MN
79766W46,Tân Bình,2,1,MN
79766W50,Tân Bình,2,1,MN
79766W52,Tân Bình,2,1,MN
79766W53,Tân Bình,2,1,MN
79766W55,Tân Bình,2,1,MN
79766W56,Tân Bình,2,1,MN
79766W58,Tân Bình,2,1,MN
79766W59,Tân Bình,2,1,MN
79766W60,Tân Bình,2,1,MN
79766W61,Tân Bình,2,1,MN
79766W63,Tân Bình,2,1,MN
79766W64,Tân Bình,2,1,MN
79766W65,Tân Bình,2,1,MN
79766W66,Tân Bình,2,1,MN
79766W67,Tân Bình,2,1,MN
79766W68,Tân Bình,2,1,MN
79766W69,Tân Bình,2,1,MN
79766W71,Tân Bình,2,1,MN
79766W72,Tân Bình,2,1,MN
79766W74,Tân Bình,2,1,MN
79766W75,Tân Bình,2,1,MN
79766W77,Tân Bình,2,1,MN
79766W79,Tân Bình,2,1,MN
79766W80,Tân Bình,2,1,MN
79766W82,Tân Bình,2,1,MN
79766W85,Tân Bình,2,1,MN
79766W87,Tân Bình,2,1,MN
79766W88,Tân Bình,2,1,MN
79766W89,Tân Bình,2,1,MN
79766W90,Tân Bình,2,1,MN
79766W92,Tân Bình,2,1,MN
79766W95,Tân Bình,2,1,MN
79766WA0,Tân Bình,2,1,MN
79766WA1,Tân Bình,2,1,MN
79766WA4,Tân Bình,2,1,MN
79766WA7,Tân Bình,2,1,MN
79766WB0,Tân Bình,2,1,MN
79766WB2,Tân Bình,2,1,MN
79766WB3,Tân Bình,2,1,MN
79766WB5,Tân Bình,2,1,MN
79766WB8,Tân Bình,2,1,MN
79766WC1,Tân Bình,2,1,MN
79766WC3,Tân Bình,2,1,MN
79766WC5,Tân Bình,2,1,MN
79766WC6,Tân Bình,2,1,MN
79766WC7,Tân Bình,2,1,MN
79766WC8,Tân Bình,2,1,MN
79766WD0,Tân Bình,2,1,MN
79766WD2,Tân Bình,2,1,MN
79766WD4,Tân Bình,2,1,MN
79766WD5,Tân Bình,2,1,MN
79766WD6,Tân Bình,2,1,MN
79766WD7,Tân Bình,2,1,MN
79766WD8,Tân Bình,2,1,MN
79766WD9,Tân Bình,2,1,MN
79766WE2,Tân Bình,2,1,MN
79766WE3,Tân Bình,2,1,MN
79766WE5,Tân Bình,2,1,MN
79766WF0,Tân Bình,2,1,MN
79766WF2,Tân Bình,2,1,MN
79766WF4,Tân Bình,2,1,MN
79766WF6,Tân Bình,2,1,MN
79766WF7,Tân Bình,2,1,MN
79766WF8,Tân Bình,2,1,MN
79766WG2,Tân Bình,2,1,MN
79766WG4,Tân Bình,2,1,MN
79766WG5,Tân Bình,2,1,MN
79766WG6,Tân Bình,2,1,MN
79766WG7,Tân Bình,2,1,MN
79766Wh1,Tân Bình,2,1,MN
79766Wh2,Tân Bình,2,1,MN
79766XA7,Tân Bình,2,1,MN
79766XA9,Tân Bình,2,1,MN
79766XB2,Tân Bình,2,1,MN
79766XB5,Tân Bình,2,1,MN
79766XB6,Tân Bình,2,1,MN
79766XB8,Tân Bình,2,1,MN
79767198,Tân Phú,2,1,MN
797671A0,Tân Phú,2,1,MN
797671A1,Tân Phú,2,1,MN
797671A2,Tân Phú,2,1,MN
79767247,Tân Phú,2,0,MN
79767248,Tân Phú,2,0,MN
79767249,Tân Phú,2,0,MN
79767302,Tân Phú,1,1,MN
79767303,Tân Phú,1,1,MN
79767304,Tân Phú,1,1,MN
79767305,Tân Phú,1,1,MN
79767306,Tân Phú,1,1,MN
79767307,Tân Phú,1,1,MN
79767308,Tân Phú,1,1,MN
79767309,Tân Phú,1,1,MN
79767310,Tân Phú,1,1,MN
79767312,Tân Phú,2,1,MN
79767313,Tân Phú,2,1,MN
79767314,Tân Phú,2,1,MN
79767315,Tân Phú,2,1,MN
79767316,Tân Phú,2,1,MN
79767318,Tân Phú,2,1,MN
79767319,Tân Phú,2,1,MN
79767320,Tân Phú,2,1,MN
79767322,Tân Phú,2,1,MN
79767323,Tân Phú,1,1,MN
79767324,Tân Phú,2,1,MN
79767325,Tân Phú,2,1,MN
79767326,Tân Phú,2,1,MN
79767327,Tân Phú,2,1,MN
79767328,Tân Phú,2,1,MN
79767335,Tân Phú,2,1,MN
79767336,Tân Phú,2,1,MN
79767338,Tân Phú,1,1,MN
79767339,Tân Phú,2,1,MN
79767340,Tân Phú,2,1,MN
79767341,Tân Phú,1,1,MN
79767343,Tân Phú,2,1,MN
79767350,Tân Phú,2,1,MN
79767351,Tân Phú,2,1,MN
79767352,Tân Phú,2,1,MN
79767353,Tân Phú,2,1,MN
79767354,Tân Phú,1,1,MN
79767355,Tân Phú,2,1,MN
79767356,Tân Phú,2,1,MN
79767357,Tân Phú,2,1,MN
79767358,Tân Phú,2,1,MN
79767359,Tân Phú,2,1,MN
79767360,Tân Phú,2,0,MN
79767361,Tân Phú,2,0,MN
79767362,Tân Phú,2,0,MN
79767363,Tân Phú,2,0,MN
79767364,Tân Phú,2,0,MN
79767365,Tân Phú,2,0,MN
79767366,Tân Phú,2,0,MN
79767367,Tân Phú,2,0,MN
79767LG2,Tân Phú,2,1,MN
79767W01,Tân Phú,2,1,MN
79767W02,Tân Phú,2,1,MN
79767W04,Tân Phú,2,1,MN
79767W05,Tân Phú,2,1,MN
79767W07,Tân Phú,2,1,MN
79767W08,Tân Phú,2,1,MN
79767W09,Tân Phú,2,1,MN
79767W11,Tân Phú,2,1,MN
79767W13,Tân Phú,2,1,MN
79767W15,Tân Phú,2,1,MN
79767W16,Tân Phú,2,1,MN
79767W18,Tân Phú,2,1,MN
79767W19,Tân Phú,2,1,MN
79767W20,Tân Phú,2,1,MN
79767W24,Tân Phú,2,1,MN
79767W25,Tân Phú,2,1,MN
79767W28,Tân Phú,2,1,MN
79767W31,Tân Phú,2,1,MN
79767W32,Tân Phú,2,1,MN
79767W33,Tân Phú,2,1,MN
79767W34,Tân Phú,2,1,MN
79767W35,Tân Phú,2,1,MN
79767W37,Tân Phú,2,1,MN
79767W38,Tân Phú,2,1,MN
79767W39,Tân Phú,2,1,MN
79767W40,Tân Phú,2,1,MN
79767W41,Tân Phú,2,1,MN
79767W42,Tân Phú,2,1,MN
79767W44,Tân Phú,2,1,MN
79767W45,Tân Phú,2,1,MN
79767W46,Tân Phú,2,1,MN
79767W48,Tân Phú,2,1,MN
79767W51,Tân Phú,2,1,MN
79767W52,Tân Phú,2,1,MN
79767W53,Tân Phú,2,1,MN
79767W56,Tân Phú,2,1,MN
79767W58,Tân Phú,2,1,MN
79767W59,Tân Phú,2,1,MN
79767W61,Tân Phú,2,1,MN
79767W63,Tân Phú,2,1,MN
79767W64,Tân Phú,2,1,MN
79767W65,Tân Phú,2,1,MN
79767W66,Tân Phú,2,1,MN
79767W67,Tân Phú,2,1,MN
79767W68,Tân Phú,2,1,MN
79767W69,Tân Phú,2,1,MN
79767W74,Tân Phú,2,1,MN
79767W76,Tân Phú,2,1,MN
79767W80,Tân Phú,2,1,MN
79767W83,Tân Phú,2,1,MN
79767W84,Tân Phú,2,1,MN
79767W85,Tân Phú,2,1,MN
79767W86,Tân Phú,2,1,MN
79767W87,Tân Phú,2,1,MN
79767W88,Tân Phú,2,1,MN
79767W89,Tân Phú,2,1,MN
79767W90,Tân Phú,2,1,MN
79767W92,Tân Phú,2,1,MN
79767W93,Tân Phú,2,1,MN
79767W95,Tân Phú,2,1,MN
79767W99,Tân Phú,2,1,MN
79767WA3,Tân Phú,2,1,MN
79767WA5,Tân Phú,2,1,MN
79767WA6,Tân Phú,2,1,MN
79767WB1,Tân Phú,2,1,MN
79767WB3,Tân Phú,2,1,MN
79767WB4,Tân Phú,2,1,MN
79767WB5,Tân Phú,2,1,MN
79767WB6,Tân Phú,2,1,MN
79767WB7,Tân Phú,2,1,MN
79767WC2,Tân Phú,2,1,MN
79767WC3,Tân Phú,2,1,MN
79767WC4,Tân Phú,2,1,MN
79767WC5,Tân Phú,2,1,MN
79767WC7,Tân Phú,2,1,MN
79767WC8,Tân Phú,2,1,MN
79767WD1,Tân Phú,2,1,MN
79767WD4,Tân Phú,2,1,MN
79767WD6,Tân Phú,2,1,MN
79767WD8,Tân Phú,2,1,MN
79767WE1,Tân Phú,2,1,MN
79767WE3,Tân Phú,2,1,MN
79767WE4,Tân Phú,2,1,MN
79767WE5,Tân Phú,2,1,MN
79767WE6,Tân Phú,2,1,MN
79767WE7,Tân Phú,2,1,MN
79767WE8,Tân Phú,2,1,MN
79767WE9,Tân Phú,2,1,MN
79767WF1,Tân Phú,2,1,MN
79767WF2,Tân Phú,2,1,MN
79767WF3,Tân Phú,2,1,MN
79767WF4,Tân Phú,2,1,MN
79767WF6,Tân Phú,2,1,MN
79767WF7,Tân Phú,2,1,MN
79767WF9,Tân Phú,2,1,MN
79767WG1,Tân Phú,2,1,MN
79768201,Phú Nhuận,1,1,MN
79768301,Phú Nhuận,1,1,MN
79768302,Phú Nhuận,1,1,MN
79768303,Phú Nhuận,1,1,MN
79768304,Phú Nhuận,1,1,MN
79768305,Phú Nhuận,1,1,MN
79768306,Phú Nhuận,1,1,MN
79768307,Phú Nhuận,1,1,MN
79768308,Phú Nhuận,1,1,MN
79768309,Phú Nhuận,1,1,MN
79768310,Phú Nhuận,1,1,MN
79768311,Phú Nhuận,1,1,MN
79768312,Phú Nhuận,1,1,MN
79768313,Phú Nhuận,1,1,MN
79768314,Phú Nhuận,1,1,MN
79768315,Phú Nhuận,2,0,MN
79768316,Phú Nhuận,2,1,MN
79768317,Phú Nhuận,2,1,MN
79768318,Phú Nhuận,2,0,MN
79768331,Phú Nhuận,2,1,MN
79768355,Phú Nhuận,2,0,MN
79768362,Phú Nhuận,2,0,MN
79768363,Phú Nhuận,2,0,MN
79768L11,Phú Nhuận,2,1,MN
79768L12,Phú Nhuận,2,1,MN
79768O02,Phú Nhuận,2,1,MN
79768O03,Phú Nhuận,2,1,MN
79768O06,Phú Nhuận,2,1,MN
79768W01,Phú Nhuận,2,1,MN
79768W02,Phú Nhuận,2,1,MN
79768W03,Phú Nhuận,2,1,MN
79768W04,Phú Nhuận,2,1,MN
79768W05,Phú Nhuận,2,1,MN
79768W06,Phú Nhuận,2,1,MN
79768W10,Phú Nhuận,2,1,MN
79768W11,Phú Nhuận,2,1,MN
79768W12,Phú Nhuận,2,1,MN
79768W13,Phú Nhuận,2,1,MN
79768W14,Phú Nhuận,2,1,MN
79768W21,Phú Nhuận,2,1,MN
79768W22,Phú Nhuận,2,1,MN
79768W25,Phú Nhuận,2,1,MN
79768W26,Phú Nhuận,2,1,MN
79768W27,Phú Nhuận,2,1,MN
79768W28,Phú Nhuận,2,1,MN
79768W29,Phú Nhuận,2,1,MN
79768W30,Phú Nhuận,2,1,MN
79768W31,Phú Nhuận,2,1,MN
79768W32,Phú Nhuận,2,1,MN
79768W33,Phú Nhuận,2,1,MN
79768X01,Phú Nhuận,2,1,MN
79768X02,Phú Nhuận,2,1,MN
79768X03,Phú Nhuận,2,0,MN
79768X04,Phú Nhuận,2,1,MN
79768X05,Phú Nhuận,2,1,MN
79768X06,Phú Nhuận,2,1,MN
79768X07,Phú Nhuận,2,1,MN
79768X08,Phú Nhuận,2,1,MN
79768X10,Phú Nhuận,2,1,MN
79768X34,Phú Nhuận,2,0,MN
79769025,Q2,2,1,MN
79769101,Q2,2,1,MN
79769102,Q2,2,1,MN
79769104,Q2,2,1,MN
79769106,Q2,2,1,MN
79769108,Q2,2,1,MN
79769110,Q2,2,1,MN
79769111,Q2,2,1,MN
79769113,Q2,2,1,MN
79769114,Q2,2,1,MN
79769116,Q2,2,1,MN
79769117,Q2,2,1,MN
79769123,Q2,2,1,MN
79769205,Q2,2,1,MN
79769206,Q2,2,1,MN
79769207,Q2,2,1,MN
79769209,Q2,2,1,MN
79769301,Q2,1,1,MN
79769302,Q2,1,1,MN
79769303,Q2,1,1,MN
79769304,Q2,1,1,MN
79769305,Q2,1,1,MN
79769306,Q2,1,1,MN
79769307,Q2,1,1,MN
79769308,Q2,1,1,MN
79769310,Q2,1,1,MN
79769311,Q2,2,1,MN
79769312,Q2,2,1,MN
79769313,Q2,1,1,MN
79769314,Q2,1,1,MN
79769315,Q2,1,1,MN
79769319,Q2,2,1,MN
79769320,Q2,2,1,MN
79769321,Q2,2,1,MN
79769323,Q2,2,1,MN
79769324,Q2,1,1,MN
79769325,Q2,2,1,MN
79769327,Q2,2,1,MN
79769328,Q2,2,1,MN
79769329,Q2,2,1,MN
79769330,Q2,2,1,MN
79769331,Q2,1,1,MN
79769333,Q2,2,1,MN
79769334,Q2,2,1,MN
79769335,Q2,2,1,MN
79769336,Q2,2,1,MN
79769337,Q2,2,1,MN
79769338,Q2,2,1,MN
79769339,Q2,2,1,MN
79769340,Q2,2,1,MN
79769341,Q2,2,1,MN
79769343,Q2,2,1,MN
79769344,Q2,2,1,MN
79769345,Q2,2,1,MN
79769346,Q2,2,1,MN
79769347,Q2,2,1,MN
79769348,Q2,2,1,MN
79769350,Q2,2,1,MN
79769352,Q2,1,1,MN
79769353,Q2,2,0,MN
79769354,Q2,2,1,MN
79769355,Q2,2,1,MN
79769356,Q2,2,1,MN
79769357,Q2,2,1,MN
79769358,Q2,2,1,MN
79769359,Q2,2,1,MN
79769360,Q2,2,1,MN
79769361,Q2,2,1,MN
79769362,Q2,2,1,MN
79769363,Q2,2,1,MN
79769364,Q2,2,1,MN
79769365,Q2,2,1,MN
79769366,Q2,2,1,MN
79769367,Q2,2,0,MN
79769368,Q2,2,0,MN
79769369,Q2,2,0,MN
79769370,Q2,2,0,MN
79769371,Q2,2,0,MN
79769372,Q2,2,0,MN
79769373,Q2,2,0,MN
79769381,Q2,2,0,MN
79769390,Q2,2,0,MN
79769399,Q2,1,0,MN
79769477,Q2,2,1,MN
79769701,Q2,2,0,MN
79769710,Q2,2,0,MN
79769711,Q2,2,0,MN
79769712,Q2,2,0,MN
79769718,Q2,2,1,MN
79769801,Q2,2,0,MN
79769802,Q2,2,0,MN
79769803,Q2,2,0,MN
79769814,Q2,2,0,MN
79769815,Q2,2,0,MN
79769816,Q2,2,0,MN
79769817,Q2,2,0,MN
79769818,Q2,2,0,MN
79769819,Q2,2,0,MN
79769821,Q2,2,0,MN
79769822,Q2,2,0,MN
79769826,Q2,2,0,MN
79769827,Q2,2,0,MN
79769828,Q2,2,0,MN
79769829,Q2,2,0,MN
79769830,Q2,2,0,MN
79769831,Q2,2,0,MN
79769832,Q2,2,0,MN
79769833,Q2,2,0,MN
79769834,Q2,2,0,MN
79769835,Q2,2,0,MN
79769836,Q2,2,0,MN
79769837,Q2,2,0,MN
79769838,Q2,2,0,MN
79769839,Q2,2,0,MN
79769843,Q2,2,0,MN
79769L10,Q2,2,1,MN
79769L12,Q2,2,0,MN
79769L13,Q2,2,0,MN
79769L14,Q2,2,0,MN
79769L15,Q2,2,0,MN
79769L81,Q2,2,1,MN
79769L83,Q2,2,1,MN
79769L86,Q2,2,1,MN
79769L87,Q2,2,1,MN
79769L88,Q2,2,1,MN
79769L89,Q2,2,1,MN
79769L90,Q2,2,1,MN
79769L91,Q2,2,1,MN
79769W02,Q2,2,1,MN
79769W03,Q2,2,1,MN
79769W08,Q2,2,1,MN
79769W09,Q2,2,1,MN
79769W10,Q2,2,1,MN
79769W11,Q2,2,1,MN
79769W12,Q2,2,1,MN
79769W15,Q2,2,1,MN
79769W16,Q2,2,1,MN
79769W18,Q2,2,1,MN
79769W21,Q2,2,1,MN
79769W25,Q2,2,1,MN
79769W26,Q2,2,1,MN
79770201,Q3,3,1,MN
79770204,Q3,2,1,MN
79770205,Q3,2,1,MN
79770206,Q3,3,1,MN
79770301,Q3,1,1,MN
79770302,Q3,1,1,MN
79770303,Q3,1,1,MN
79770305,Q3,1,1,MN
79770306,Q3,1,1,MN
79770310,Q3,1,1,MN
79770311,Q3,1,1,MN
79770312,Q3,1,1,MN
79770313,Q3,1,1,MN
79770315,Q3,1,1,MN
79770316,Q3,1,1,MN
79770318,Q3,1,1,MN
79770319,Q3,1,1,MN
79770320,Q3,1,1,MN
79770321,Q3,1,1,MN
79770322,Q3,1,1,MN
79770323,Q3,3,1,MN
79770326,Q3,3,1,MN
79770327,Q3,2,1,MN
79770330,Q3,2,1,MN
79770331,Q3,2,1,MN
79770332,Q3,2,1,MN
79770333,Q3,2,1,MN
79770335,Q3,1,1,MN
79770341,Q3,2,1,MN
79770342,Q3,2,1,MN
79770343,Q3,2,1,MN
79770345,Q3,2,1,MN
79770346,Q3,2,1,MN
79770347,Q3,2,1,MN
79770348,Q3,2,1,MN
79770349,Q3,2,1,MN
79770350,Q3,2,1,MN
79770351,Q3,2,1,MN
79770352,Q3,2,1,MN
79770353,Q3,2,1,MN
79770354,Q3,2,1,MN
79770355,Q3,2,0,MN
79770356,Q3,2,0,MN
79770357,Q3,2,0,MN
79770359,Q3,2,0,MN
79770360,Q3,2,0,MN
79770L20,Q3,2,1,MN
79770L21,Q3,2,1,MN
79770W01,Q3,2,1,MN
79770W03,Q3,2,1,MN
79770W04,Q3,2,1,MN
79770W05,Q3,2,1,MN
79770W06,Q3,2,1,MN
79770W07,Q3,2,1,MN
79770W08,Q3,2,1,MN
79770W09,Q3,2,1,MN
79770W13,Q3,2,1,MN
79770W14,Q3,2,1,MN
79770W17,Q3,2,1,MN
79770W19,Q3,2,1,MN
79771100,Q10,2,1,MN
79771200,Q10,2,1,MN
79771301,Q10,1,1,MN
79771302,Q10,1,1,MN
79771303,Q10,1,1,MN
79771304,Q10,1,1,MN
79771305,Q10,1,1,MN
79771306,Q10,1,1,MN
79771307,Q10,1,1,MN
79771308,Q10,1,1,MN
79771309,Q10,1,1,MN
79771310,Q10,1,1,MN
79771311,Q10,1,1,MN
79771312,Q10,1,1,MN
79771313,Q10,1,1,MN
79771314,Q10,1,1,MN
79771315,Q10,1,1,MN
79771316,Q10,1,1,MN
79771318,Q10,1,1,MN
79771319,Q10,1,1,MN
79771320,Q10,2,1,MN
79771321,Q10,2,1,MN
79771322,Q10,2,1,MN
79771323,Q10,2,1,MN
79771324,Q10,2,1,MN
79771325,Q10,2,1,MN
79771328,Q10,2,1,MN
79771329,Q10,2,1,MN
79771330,Q10,2,0,MN
79771331,Q10,2,1,MN
79771333,Q10,1,1,MN
79771334,Q10,1,1,MN
79771335,Q10,2,1,MN
79771341,Q10,2,1,MN
79771342,Q10,2,1,MN
79771343,Q10,2,1,MN
79771344,Q10,2,1,MN
79771345,Q10,2,1,MN
79771346,Q10,2,1,MN
79771347,Q10,2,0,MN
79771348,Q10,2,1,MN
79771350,Q10,2,0,MN
79771351,Q10,2,0,MN
79771352,Q10,2,0,MN
79771L30,Q10,2,1,MN
79771L31,Q10,2,1,MN
79771O03,Q10,2,1,MN
79771O04,Q10,2,1,MN
79772201,Q11,1,1,MN
79772202,Q11,1,1,MN
79772203,Q11,1,1,MN
79772204,Q11,1,1,MN
79772301,Q11,1,1,MN
79772302,Q11,1,1,MN
79772303,Q11,1,1,MN
79772304,Q11,1,1,MN
79772305,Q11,1,1,MN
79772306,Q11,1,1,MN
79772307,Q11,1,1,MN
79772308,Q11,1,1,MN
79772309,Q11,1,1,MN
79772310,Q11,1,1,MN
79772311,Q11,1,1,MN
79772312,Q11,1,1,MN
79772313,Q11,1,1,MN
79772314,Q11,3,1,MN
79772315,Q11,2,1,MN
79772317,Q11,2,1,MN
79772319,Q11,2,1,MN
79772320,Q11,2,1,MN
79772321,Q11,2,1,MN
79772325,Q11,2,1,MN
79772326,Q11,2,1,MN
79772327,Q11,2,1,MN
79772328,Q11,2,1,MN
79772330,Q11,2,1,MN
79772331,Q11,2,1,MN
79772333,Q11,2,1,MN
79772335,Q11,2,1,MN
79772336,Q11,2,1,MN
79772337,Q11,2,1,MN
79772339,Q11,2,1,MN
79772340,Q11,2,1,MN
79772341,Q11,2,1,MN
79772343,Q11,2,1,MN
79772344,Q11,2,1,MN
79772354,Q11,2,1,MN
79772L29,Q11,2,1,MN
79772W01,Q11,2,1,MN
79772W04,Q11,2,1,MN
79772W05,Q11,2,1,MN
79772W09,Q11,2,1,MN
79772W11,Q11,2,1,MN
79772W13,Q11,2,1,MN
79772W14,Q11,2,0,MN
79772W15,Q11,2,0,MN
7977MN35,Q11,2,1,MN
7977MN36,Q11,2,1,MN
7977MN37,Q11,2,1,MN
7977MN38,Q11,2,0,MN
7977MN39,Q11,2,0,MN
7977MN40,Q11,2,0,MN
7977NT01,Q11,2,0,MN
7977NT04,Q11,2,0,MN
79773301,Q4,1,1,MN
79773302,Q4,1,1,MN
79773303,Q4,1,1,MN
79773304,Q4,1,1,MN
79773305,Q4,1,1,MN
79773306,Q4,1,1,MN
79773307,Q4,1,1,MN
79773308,Q4,1,1,MN
79773309,Q4,1,1,MN
79773310,Q4,1,1,MN
79773311,Q4,1,1,MN
79773312,Q4,1,1,MN
79773313,Q4,1,1,MN
79773314,Q4,1,1,MN
79773315,Q4,2,1,MN
79773O01,Q4,2,1,MN
79773O03,Q4,2,1,MN
79773O08,Q4,2,1,MN
79773O11,Q4,2,1,MN
79773O14,Q4,2,1,MN
79773O17,Q4,2,1,MN
79773O19,Q4,2,1,MN
79773O20,Q4,2,1,MN
79773o22,Q4,2,1,MN
79773o44,Q4,2,1,MN
79773o45,Q4,2,1,MN
79773O46,Q4,2,0,MN
79773O48,Q4,2,0,MN
79773W01,Q4,2,1,MN
79774201,Q5,1,1,MN
79774202,Q5,1,1,MN
79774203,Q5,1,1,MN
79774204,Q5,1,1,MN
79774206,Q5,2,1,MN
79774207,Q5,2,1,MN
79774301,Q5,1,1,MN
79774303,Q5,2,1,MN
79774304,Q5,1,1,MN
79774305,Q5,1,1,MN
79774306,Q5,1,1,MN
79774307,Q5,1,1,MN
79774308,Q5,1,1,MN
79774309,Q5,1,1,MN
79774310,Q5,1,1,MN
79774311,Q5,1,1,MN
79774312,Q5,1,1,MN
79774313,Q5,1,1,MN
79774314,Q5,1,1,MN
79774316,Q5,1,1,MN
79774317,Q5,1,1,MN
79774318,Q5,1,1,MN
79774322,Q5,1,1,MN
79774324,Q5,2,1,MN
79774326,Q5,2,1,MN
79774328,Q5,2,1,MN
79774332,Q5,2,1,MN
79774335,Q5,2,1,MN
79774L03,Q5,2,1,MN
79774L04,Q5,2,1,MN
79774O02,Q5,2,1,MN
79774O03,Q5,2,1,MN
79774O04,Q5,2,1,MN
79774W01,Q5,2,1,MN
79774W02,Q5,2,0,MN
79774X01,Q5,2,1,MN
79775301,Q6,1,1,MN
79775302,Q6,1,1,MN
79775303,Q6,1,1,MN
79775304,Q6,1,1,MN
79775305,Q6,1,1,MN
79775306,Q6,1,1,MN
79775307,Q6,1,1,MN
79775308,Q6,1,1,MN
79775310,Q6,1,1,MN
79775311,Q6,1,1,MN
79775312,Q6,1,1,MN
79775313,Q6,1,1,MN
79775314,Q6,1,1,MN
79775315,Q6,1,1,MN
79775317,Q6,2,1,MN
79775319,Q6,2,1,MN
79775324,Q6,1,1,MN
79775325,Q6,1,1,MN
79775327,Q6,2,1,MN
79775328,Q6,2,1,MN
79775329,Q6,2,1,MN
79775330,Q6,2,1,MN
79775331,Q6,2,1,MN
79775333,Q6,2,1,MN
79775334,Q6,2,1,MN
79775335,Q6,2,1,MN
79775336,Q6,1,1,MN
79775337,Q6,2,1,MN
79775342,Q6,2,1,MN
79775343,Q6,2,1,MN
79775344,Q6,2,1,MN
79775345,Q6,2,1,MN
79775346,Q6,1,1,MN
79775347,Q6,2,1,MN
79775348,Q6,2,1,MN
79775349,Q6,2,1,MN
79775350,Q6,2,1,MN
79775351,Q6,2,0,MN
79775352,Q6,2,0,MN
79775353,Q6,2,0,MN
79775L59,Q6,2,1,MN
79775L62,Q6,2,0,MN
79775L63,Q6,2,0,MN
79775L64,Q6,2,0,MN
79775W01,Q6,2,1,MN
79775W02,Q6,2,1,MN
79775W03,Q6,2,1,MN
79775W04,Q6,2,1,MN
79775W07,Q6,2,1,MN
79775W11,Q6,2,1,MN
79775W12,Q6,2,1,MN
79775W13,Q6,2,1,MN
79775W15,Q6,2,1,MN
79775W18,Q6,2,1,MN
79775W19,Q6,2,1,MN
79775W21,Q6,2,1,MN
79775W25,Q6,2,1,MN
79775W26,Q6,2,1,MN
79775W27,Q6,2,1,MN
79775W28,Q6,2,1,MN
79775W35,Q6,2,1,MN
79775W37,Q6,2,1,MN
79775W38,Q6,2,1,MN
79775W39,Q6,2,1,MN
79775W41,Q6,2,1,MN
79775W42,Q6,2,1,MN
79775W48,Q6,2,1,MN
79775W49,Q6,2,1,MN
79775W50,Q6,2,1,MN
79775W52,Q6,2,1,MN
79776101,Q8,2,0,MN
79776102,Q8,2,0,MN
79776123,Q8,2,1,MN
79776127,Q8,2,1,MN
79776128,Q8,2,1,MN
79776129,Q8,2,1,MN
79776201,Q8,2,0,MN
79776202,Q8,2,0,MN
79776203,Q8,1,1,MN
79776206,Q8,2,0,MN
79776208,Q8,2,0,MN
79776298,Q8,2,0,MN
79776299,Q8,2,0,MN
79776301,Q8,1,1,MN
79776302,Q8,1,1,MN
79776303,Q8,1,1,MN
79776304,Q8,1,1,MN
79776305,Q8,1,1,MN
79776306,Q8,1,1,MN
79776307,Q8,1,1,MN
79776308,Q8,1,1,MN
79776309,Q8,1,1,MN
79776310,Q8,1,1,MN
79776311,Q8,1,1,MN
79776312,Q8,1,1,MN
79776313,Q8,2,1,MN
79776314,Q8,2,1,MN
79776315,Q8,2,1,MN
79776316,Q8,2,1,MN
79776317,Q8,2,1,MN
79776318,Q8,2,1,MN
79776319,Q8,2,1,MN
79776320,Q8,2,1,MN
79776322,Q8,1,1,MN
79776323,Q8,2,1,MN
79776324,Q8,1,1,MN
79776325,Q8,1,1,MN
79776326,Q8,1,1,MN
79776327,Q8,2,1,MN
79776329,Q8,2,1,MN
79776330,Q8,2,1,MN
79776331,Q8,2,1,MN
79776333,Q8,2,1,MN
79776335,Q8,2,1,MN
79776351,Q8,2,1,MN
79776352,Q8,2,1,MN
79776353,Q8,1,1,MN
79776355,Q8,2,0,MN
79776356,Q8,2,0,MN
79776358,Q8,2,0,MN
79776360,Q8,2,0,MN
79776361,Q8,2,0,MN
79776362,Q8,2,0,MN
79776370,Q8,2,0,MN
79776388,Q8,2,0,MN
79776389,Q8,2,0,MN
79776392,Q8,2,0,MN
79776393,Q8,2,0,MN
797763a1,Q8,2,1,MN
79776A00,Q8,2,1,MN
79776L03,Q8,2,1,MN
79776L04,Q8,2,1,MN
79776L06,Q8,2,1,MN
79776L07,Q8,2,1,MN
79776L21,Q8,2,1,MN
79776L31,Q8,2,1,MN
79776L32,Q8,2,1,MN
79776L33,Q8,2,1,MN
79776L34,Q8,2,1,MN
79776L35,Q8,2,1,MN
79776L37,Q8,2,1,MN
79776L40,Q8,2,1,MN
79776L41,Q8,2,1,MN
79776O02,Q8,2,1,MN
79776O03,Q8,2,1,MN
79776O04,Q8,2,1,MN
79776O05,Q8,2,1,MN
79776O07,Q8,2,1,MN
79776O08,Q8,2,1,MN
79776O10,Q8,2,1,MN
79776O11,Q8,2,1,MN
79776W02,Q8,2,1,MN
79776W03,Q8,2,1,MN
79776W07,Q8,2,1,MN
79776W08,Q8,2,1,MN
79776W09,Q8,2,1,MN
79776W11,Q8,2,1,MN
79776W12,Q8,2,1,MN
79776W13,Q8,2,1,MN
79776W14,Q8,2,1,MN
79776W15,Q8,2,1,MN
79776W21,Q8,2,1,MN
79776W22,Q8,2,1,MN
79776W23,Q8,2,1,MN
79776W25,Q8,2,1,MN
79776W29,Q8,2,1,MN
79776W30,Q8,2,1,MN
79776W31,Q8,2,1,MN
79776W32,Q8,2,1,MN
79776W34,Q8,2,1,MN
79776W35,Q8,2,1,MN
79776W36,Q8,2,1,MN
79776W38,Q8,2,1,MN
79776W40,Q8,2,1,MN
79776W41,Q8,2,1,MN
79776W50,Q8,2,1,MN
79776X01,Q8,2,1,MN
79776X02,Q8,2,1,MN
79776X03,Q8,2,1,MN
79776X04,Q8,2,1,MN
79776X05,Q8,2,1,MN
79776X07,Q8,2,1,MN
79776X08,Q8,2,1,MN
79776X10,Q8,2,1,MN
79776X11,Q8,2,1,MN
79776X13,Q8,2,1,MN
79776X36,Q8,2,1,MN
79777106,Bình Tân,2,0,MN
79777200,Bình Tân,2,1,MN
79777301,Bình Tân,1,1,MN
79777302,Bình Tân,1,1,MN
79777303,Bình Tân,1,1,MN
79777305,Bình Tân,1,1,MN
79777306,Bình Tân,1,1,MN
79777307,Bình Tân,1,1,MN
79777308,Bình Tân,1,1,MN
79777309,Bình Tân,1,1,MN
79777310,Bình Tân,1,1,MN
79777311,Bình Tân,1,1,MN
79777312,Bình Tân,1,1,MN
79777313,Bình Tân,1,1,MN
79777314,Bình Tân,1,1,MN
79777315,Bình Tân,2,1,MN
79777316,Bình Tân,2,1,MN
79777317,Bình Tân,2,1,MN
79777319,Bình Tân,2,1,MN
79777320,Bình Tân,2,1,MN
79777321,Bình Tân,2,1,MN
79777322,Bình Tân,2,1,MN
79777323,Bình Tân,2,1,MN
79777324,Bình Tân,2,1,MN
79777325,Bình Tân,2,1,MN
79777326,Bình Tân,2,1,MN
79777327,Bình Tân,2,1,MN
79777328,Bình Tân,2,1,MN
79777329,Bình Tân,2,1,MN
79777331,Bình Tân,2,1,MN
79777332,Bình Tân,2,1,MN
79777333,Bình Tân,2,1,MN
79777334,Bình Tân,2,1,MN
79777335,Bình Tân,2,1,MN
79777336,Bình Tân,2,1,MN
79777338,Bình Tân,2,1,MN
79777339,Bình Tân,2,1,MN
79777340,Bình Tân,2,1,MN
79777341,Bình Tân,2,1,MN
79777342,Bình Tân,2,1,MN
79777343,Bình Tân,2,1,MN
79777344,Bình Tân,2,1,MN
79777345,Bình Tân,2,1,MN
79777346,Bình Tân,2,1,MN
79777347,Bình Tân,2,1,MN
79777348,Bình Tân,2,1,MN
79777349,Bình Tân,2,1,MN
79777350,Bình Tân,2,1,MN
79777351,Bình Tân,2,1,MN
79777352,Bình Tân,2,1,MN
79777353,Bình Tân,2,1,MN
79777354,Bình Tân,2,1,MN
79777355,Bình Tân,1,1,MN
79777356,Bình Tân,1,1,MN
79777357,Bình Tân,2,1,MN
79777358,Bình Tân,2,1,MN
79777359,Bình Tân,1,1,MN
79777360,Bình Tân,1,1,MN
79777361,Bình Tân,1,1,MN
79777362,Bình Tân,1,1,MN
79777363,Bình Tân,1,1,MN
79777364,Bình Tân,1,1,MN
79777365,Bình Tân,2,1,MN
79777367,Bình Tân,2,1,MN
79777368,Bình Tân,2,1,MN
79777370,Bình Tân,2,1,MN
79777371,Bình Tân,2,1,MN
79777372,Bình Tân,2,1,MN
79777373,Bình Tân,2,1,MN
79777374,Bình Tân,2,1,MN
79777375,Bình Tân,2,1,MN
79777376,Bình Tân,2,1,MN
79777377,Bình Tân,2,1,MN
79777378,Bình Tân,1,1,MN
79777379,Bình Tân,2,0,MN
797773R8,Bình Tân,2,1,MN
797773R9,Bình Tân,2,0,MN
797773S0,Bình Tân,2,0,MN
797773S1,Bình Tân,2,0,MN
797773S2,Bình Tân,2,0,MN
797773S3,Bình Tân,1,0,MN
797773S4,Bình Tân,1,0,MN
797773S5,Bình Tân,1,0,MN
797773S6,Bình Tân,2,0,MN
797773S7,Bình Tân,2,0,MN
797773S8,Bình Tân,2,0,MN
797773S9,Bình Tân,2,0,MN
79777bab,Bình Tân,2,0,MN
79777BCT,Bình Tân,2,0,MN
79777BHP,Bình Tân,2,0,MN
79777BTR,Bình Tân,2,0,MN
79777BTT,Bình Tân,2,0,MN
79777CKV,Bình Tân,2,0,MN
79777DMI,Bình Tân,2,0,MN
79777DOC,Bình Tân,2,0,MN
79777DQY,Bình Tân,2,0,MN
79777GPD,Bình Tân,2,0,MN
79777GTT,Bình Tân,2,0,MN
79777HLA,Bình Tân,2,0,MN
79777HNA,Bình Tân,2,0,MN
79777HPH,Bình Tân,2,0,MN
79777HVA,Bình Tân,2,0,MN
79777LB4,Bình Tân,2,1,MN
79777LB5,Bình Tân,2,1,MN
79777LB6,Bình Tân,2,1,MN
79777LB8,Bình Tân,2,1,MN
79777LB9,Bình Tân,2,1,MN
79777LC0,Bình Tân,2,1,MN
79777LC1,Bình Tân,2,1,MN
79777LC2,Bình Tân,2,1,MN
79777LC3,Bình Tân,2,1,MN
79777LC4,Bình Tân,2,1,MN
79777LC5,Bình Tân,2,1,MN
79777LC7,Bình Tân,2,1,MN
79777LC8,Bình Tân,2,1,MN
79777LC9,Bình Tân,2,1,MN
79777LD0,Bình Tân,2,1,MN
79777LD1,Bình Tân,2,1,MN
79777LD2,Bình Tân,2,1,MN
79777LD3,Bình Tân,2,1,MN
79777LD5,Bình Tân,2,1,MN
79777LD7,Bình Tân,2,1,MN
79777LD8,Bình Tân,2,1,MN
79777LD9,Bình Tân,2,1,MN
79777LE0,Bình Tân,2,1,MN
79777LE1,Bình Tân,2,1,MN
79777LE2,Bình Tân,2,1,MN
79777LE4,Bình Tân,2,1,MN
79777LE5,Bình Tân,2,1,MN
79777LE6,Bình Tân,2,1,MN
79777LE7,Bình Tân,2,1,MN
79777LE8,Bình Tân,2,1,MN
79777LF0,Bình Tân,2,1,MN
79777LF1,Bình Tân,2,1,MN
79777LF2,Bình Tân,2,1,MN
79777LF3,Bình Tân,2,1,MN
79777LF4,Bình Tân,2,1,MN
79777LF5,Bình Tân,2,1,MN
79777LF6,Bình Tân,2,1,MN
79777LF7,Bình Tân,2,1,MN
79777LF8,Bình Tân,2,1,MN
79777LF9,Bình Tân,2,1,MN
79777LG1,Bình Tân,2,1,MN
79777LG2,Bình Tân,2,1,MN
79777LG3,Bình Tân,2,1,MN
79777LG4,Bình Tân,2,1,MN
79777LG6,Bình Tân,2,1,MN
79777LG7,Bình Tân,2,1,MN
79777LG8,Bình Tân,2,1,MN
79777LG9,Bình Tân,2,1,MN
79777LH0,Bình Tân,2,1,MN
79777LH2,Bình Tân,2,1,MN
79777LH3,Bình Tân,2,1,MN
79777LH5,Bình Tân,2,1,MN
79777LH6,Bình Tân,2,1,MN
79777LH7,Bình Tân,2,1,MN
79777LH8,Bình Tân,2,1,MN
79777LH9,Bình Tân,2,1,MN
79777LI0,Bình Tân,2,1,MN
79777LI1,Bình Tân,2,1,MN
79777LI3,Bình Tân,2,1,MN
79777LI4,Bình Tân,2,1,MN
79777LI5,Bình Tân,2,1,MN
79777LI6,Bình Tân,2,1,MN
79777LI8,Bình Tân,2,1,MN
79777LI9,Bình Tân,2,1,MN
79777LJ0,Bình Tân,2,1,MN
79777LJ1,Bình Tân,2,1,MN
79777LJ2,Bình Tân,2,1,MN
79777LJ3,Bình Tân,2,1,MN
79777LJ4,Bình Tân,2,1,MN
79777LJ5,Bình Tân,2,1,MN
79777LJ7,Bình Tân,2,1,MN
79777LJ9,Bình Tân,2,1,MN
79777LK0,Bình Tân,2,1,MN
79777LK1,Bình Tân,2,1,MN
79777LK2,Bình Tân,2,1,MN
79777LK3,Bình Tân,2,1,MN
79777LK5,Bình Tân,2,1,MN
79777LK6,Bình Tân,2,1,MN
79777LK7,Bình Tân,2,1,MN
79777LK8,Bình Tân,2,1,MN
79777LK9,Bình Tân,2,1,MN
79777LL0,Bình Tân,2,1,MN
79777LL1,Bình Tân,2,1,MN
79777LL2,Bình Tân,2,1,MN
79777LL4,Bình Tân,2,1,MN
79777LL5,Bình Tân,2,1,MN
79777LL6,Bình Tân,2,1,MN
79777LL7,Bình Tân,2,1,MN
79777LL8,Bình Tân,2,1,MN
79777LL9,Bình Tân,2,1,MN
79777LM0,Bình Tân,2,1,MN
79777LM1,Bình Tân,2,1,MN
79777LM2,Bình Tân,2,1,MN
79777LM4,Bình Tân,2,1,MN
79777LM5,Bình Tân,2,1,MN
79777LM6,Bình Tân,2,1,MN
79777LM7,Bình Tân,2,1,MN
79777LM8,Bình Tân,2,1,MN
79777LM9,Bình Tân,2,1,MN
79777LN0,Bình Tân,2,1,MN
79777LN1,Bình Tân,2,1,MN
79777LN2,Bình Tân,2,1,MN
79777LN3,Bình Tân,2,1,MN
79777LN4,Bình Tân,2,1,MN
79777LN5,Bình Tân,2,1,MN
79777LN6,Bình Tân,2,1,MN
79777LN7,Bình Tân,2,1,MN
79777LN8,Bình Tân,2,1,MN
79777LN9,Bình Tân,2,1,MN
79777LNG,Bình Tân,2,0,MN
79777LO0,Bình Tân,2,1,MN
79777LO1,Bình Tân,2,1,MN
79777LO2,Bình Tân,2,1,MN
79777LO4,Bình Tân,2,1,MN
79777LO5,Bình Tân,2,1,MN
79777LO6,Bình Tân,2,1,MN
79777LO7,Bình Tân,2,1,MN
79777LO8,Bình Tân,2,1,MN
79777LO9,Bình Tân,2,1,MN
79777LP1,Bình Tân,2,1,MN
79777LP2,Bình Tân,2,1,MN
79777LP3,Bình Tân,2,1,MN
79777LP4,Bình Tân,2,1,MN
79777LP5,Bình Tân,2,1,MN
79777LP6,Bình Tân,2,1,MN
79777LP8,Bình Tân,2,1,MN
79777LP9,Bình Tân,2,1,MN
79777LQ0,Bình Tân,2,1,MN
79777LQ1,Bình Tân,2,1,MN
79777LQ2,Bình Tân,2,1,MN
79777LQ4,Bình Tân,2,1,MN
79777LQ5,Bình Tân,2,1,MN
79777LQ6,Bình Tân,2,1,MN
79777LQ8,Bình Tân,2,1,MN
79777LQ9,Bình Tân,2,1,MN
79777LR0,Bình Tân,2,1,MN
79777LR1,Bình Tân,2,1,MN
79777LR2,Bình Tân,2,1,MN
79777LR3,Bình Tân,2,1,MN
79777LR4,Bình Tân,2,1,MN
79777LR6,Bình Tân,2,1,MN
79777LR7,Bình Tân,2,1,MN
79777LR8,Bình Tân,2,1,MN
79777LS2,Bình Tân,2,1,MN
79777LS3,Bình Tân,2,1,MN
79777LS6,Bình Tân,2,1,MN
79777LS8,Bình Tân,2,1,MN
79777LS9,Bình Tân,2,1,MN
79777LT0,Bình Tân,2,1,MN
79777LT1,Bình Tân,2,0,MN
79777LT2,Bình Tân,2,0,MN
79777LT3,Bình Tân,2,0,MN
79777LT4,Bình Tân,2,0,MN
79777LT7,Bình Tân,2,0,MN
79777LT8,Bình Tân,2,0,MN
79777LT9,Bình Tân,2,0,MN
79777LU0,Bình Tân,2,0,MN
79777LU1,Bình Tân,2,0,MN
79777LU2,Bình Tân,2,0,MN
79777LU4,Bình Tân,2,0,MN
79777LU5,Bình Tân,2,0,MN
79777LU7,Bình Tân,2,0,MN
79777LU8,Bình Tân,2,0,MN
79777LU9,Bình Tân,2,0,MN
79777LV0,Bình Tân,2,0,MN
79777LV1,Bình Tân,2,0,MN
79777LV2,Bình Tân,2,0,MN
79777LV3,Bình Tân,2,0,MN
79777LV4,Bình Tân,2,0,MN
79777LV7,Bình Tân,2,0,MN
79777MDU,Bình Tân,2,0,MN
79777MIA,Bình Tân,2,0,MN
79777MOU,Bình Tân,2,0,MN
79777MYT,Bình Tân,2,0,MN
79777NCV,Bình Tân,2,0,MN
79777NHY,Bình Tân,2,0,MN
79777NMH,Bình Tân,2,0,MN
79777NMY,Bình Tân,2,0,MN
79777PHM,Bình Tân,2,0,MN
79777SVI,Bình Tân,2,0,MN
79777THD,Bình Tân,2,0,MN
79777THN,Bình Tân,2,0,MN
79777THT,Bình Tân,2,0,MN
79777TTU,Bình Tân,2,0,MN
79777TVM,Bình Tân,2,0,MN
79777TXA,Bình Tân,2,0,MN
79777VAA,Bình Tân,2,0,MN
79777W03,Bình Tân,2,1,MN
79777W04,Bình Tân,2,1,MN
79777W08,Bình Tân,2,1,MN
79777W09,Bình Tân,2,1,MN
79777W10,Bình Tân,2,1,MN
79777W11,Bình Tân,2,1,MN
79777W12,Bình Tân,2,1,MN
79777W14,Bình Tân,2,1,MN
79777W16,Bình Tân,2,1,MN
79777W17,Bình Tân,2,1,MN
79777W19,Bình Tân,2,1,MN
79777W20,Bình Tân,2,1,MN
79777W22,Bình Tân,2,1,MN
79777W23,Bình Tân,2,1,MN
79777W25,Bình Tân,2,1,MN
79777W26,Bình Tân,2,1,MN
79777W27,Bình Tân,2,1,MN
79777W29,Bình Tân,2,1,MN
79777W31,Bình Tân,2,1,MN
79777W35,Bình Tân,2,1,MN
79777W36,Bình Tân,2,1,MN
79777W38,Bình Tân,2,1,MN
79777W39,Bình Tân,2,1,MN
79777W40,Bình Tân,2,1,MN
79777W41,Bình Tân,2,1,MN
79777W42,Bình Tân,2,1,MN
79777W43,Bình Tân,2,1,MN
79777W44,Bình Tân,2,1,MN
79777W45,Bình Tân,2,1,MN
79777W47,Bình Tân,2,1,MN
79777W49,Bình Tân,2,1,MN
79777W50,Bình Tân,2,1,MN
79777W52,Bình Tân,2,1,MN
79777W53,Bình Tân,2,1,MN
79777W55,Bình Tân,2,1,MN
79777W57,Bình Tân,2,1,MN
79777W59,Bình Tân,2,1,MN
79777W60,Bình Tân,2,1,MN
79777W61,Bình Tân,2,1,MN
79777W62,Bình Tân,2,1,MN
79777W63,Bình Tân,2,1,MN
79777W65,Bình Tân,2,1,MN
79777W66,Bình Tân,2,1,MN
79777W69,Bình Tân,2,1,MN
79777W71,Bình Tân,2,1,MN
79777W72,Bình Tân,2,1,MN
79777W73,Bình Tân,2,1,MN
79777W74,Bình Tân,2,1,MN
79777W76,Bình Tân,2,1,MN
79777W77,Bình Tân,2,1,MN
79777W78,Bình Tân,2,1,MN
79777W79,Bình Tân,2,1,MN
79777W82,Bình Tân,2,1,MN
79777W83,Bình Tân,2,1,MN
79777W84,Bình Tân,2,1,MN
79777W85,Bình Tân,2,1,MN
79777W86,Bình Tân,2,1,MN
79777W88,Bình Tân,2,1,MN
79777W89,Bình Tân,2,1,MN
79777W90,Bình Tân,2,1,MN
79777W91,Bình Tân,2,1,MN
79777W92,Bình Tân,2,1,MN
79777W93,Bình Tân,2,1,MN
79777W94,Bình Tân,2,1,MN
79777W97,Bình Tân,2,1,MN
79777W98,Bình Tân,2,1,MN
79777W99,Bình Tân,2,1,MN
79777WA2,Bình Tân,2,1,MN
79777WA4,Bình Tân,2,1,MN
79777WA5,Bình Tân,2,1,MN
79777WA6,Bình Tân,2,1,MN
79777WA7,Bình Tân,2,1,MN
79777WA8,Bình Tân,2,1,MN
79777WA9,Bình Tân,2,1,MN
79777WB1,Bình Tân,2,1,MN
79777WB2,Bình Tân,2,1,MN
79778202,Q7,1,1,MN
79778203,Q7,1,1,MN
79778210,Q7,2,1,MN
79778213,Q7,2,1,MN
79778214,Q7,2,1,MN
79778260,Q7,2,1,MN
79778261,Q7,2,1,MN
79778262,Q7,2,1,MN
79778301,Q7,1,1,MN
79778303,Q7,1,1,MN
79778304,Q7,1,1,MN
79778305,Q7,1,1,MN
79778306,Q7,1,1,MN
79778307,Q7,1,1,MN
79778308,Q7,2,1,MN
79778309,Q7,2,1,MN
79778312,Q7,1,1,MN
79778314,Q7,1,1,MN
79778315,Q7,1,1,MN
79778316,Q7,1,1,MN
79778317,Q7,1,1,MN
79778318,Q7,2,1,MN
79778320,Q7,2,1,MN
79778321,Q7,2,1,MN
79778322,Q7,2,1,MN
79778324,Q7,2,1,MN
79778325,Q7,2,1,MN
79778326,Q7,2,1,MN
79778327,Q7,2,1,MN
79778328,Q7,2,1,MN
79778329,Q7,2,1,MN
79778331,Q7,2,1,MN
79778332,Q7,2,1,MN
79778333,Q7,2,1,MN
79778334,Q7,2,1,MN
79778335,Q7,2,1,MN
79778336,Q7,2,1,MN
79778338,Q7,1,1,MN
79778340,Q7,2,1,MN
79778341,Q7,2,1,MN
79778342,Q7,2,1,MN
79778344,Q7,2,1,MN
79778345,Q7,2,1,MN
79778346,Q7,2,1,MN
79778347,Q7,2,1,MN
79778348,Q7,2,1,MN
79778349,Q7,2,1,MN
79778350,Q7,2,1,MN
79778351,Q7,2,1,MN
79778353,Q7,2,1,MN
79778354,Q7,2,1,MN
79778355,Q7,2,1,MN
79778356,Q7,2,1,MN
79778358,Q7,2,1,MN
79778359,Q7,2,1,MN
79778360,Q7,2,1,MN
79778361,Q7,2,1,MN
79778364,Q7,2,1,MN
79778365,Q7,2,1,MN
79778368,Q7,1,1,MN
79778369,Q7,2,1,MN
79778370,Q7,2,1,MN
79778371,Q7,1,1,MN
79778373,Q7,2,0,MN
79778374,Q7,2,0,MN
79778375,Q7,2,0,MN
79778376,Q7,2,0,MN
79778377,Q7,2,0,MN
79778378,Q7,2,0,MN
79778379,Q7,2,0,MN
79778380,Q7,2,0,MN
79778381,Q7,2,0,MN
79778382,Q7,2,0,MN
79778L08,Q7,2,1,MN
79778L09,Q7,2,1,MN
79778L11,Q7,2,1,MN
79778L12,Q7,2,1,MN
79778L63,Q7,2,0,MN
79778L64,Q7,2,0,MN
79778L65,Q7,2,0,MN
79778L66,Q7,2,0,MN
79778L68,Q7,2,0,MN
79778L69,Q7,2,0,MN
79778L70,Q7,2,0,MN
79778L71,Q7,2,0,MN
79778L72,Q7,2,0,MN
79778O05,Q7,2,1,MN
79778O07,Q7,2,1,MN
79778W04,Q7,2,1,MN
79778W12,Q7,2,1,MN
79778W14,Q7,2,1,MN
79778W16,Q7,2,1,MN
79778W18,Q7,2,1,MN
79778W19,Q7,2,1,MN
79778W20,Q7,2,1,MN
79778W22,Q7,2,1,MN
79778W23,Q7,2,1,MN
79778W24,Q7,2,1,MN
79778W26,Q7,2,1,MN
79778W28,Q7,2,1,MN
79778W38,Q7,2,1,MN
79778W39,Q7,2,1,MN
79778W41,Q7,2,1,MN
79778W44,Q7,2,1,MN
79778W45,Q7,2,1,MN
79778X02,Q7,2,1,MN
79778X03,Q7,2,1,MN
79778X04,Q7,2,1,MN
79778X05,Q7,2,0,MN
797832A1,Củ Chi,2,0,MN
79783301,Củ Chi,1,1,MN
79783302,Củ Chi,1,1,MN
79783303,Củ Chi,1,1,MN
79783304,Củ Chi,1,1,MN
79783305,Củ Chi,1,1,MN
79783306,Củ Chi,2,1,MN
79783307,Củ Chi,1,1,MN
79783308,Củ Chi,2,1,MN
79783309,Củ Chi,2,1,MN
79783310,Củ Chi,2,1,MN
79783311,Củ Chi,2,1,MN
79783313,Củ Chi,2,1,MN
79783315,Củ Chi,2,1,MN
79783316,Củ Chi,2,1,MN
79783317,Củ Chi,2,1,MN
79783323,Củ Chi,2,1,MN
79783324,Củ Chi,2,1,MN
79783325,Củ Chi,2,1,MN
79783327,Củ Chi,2,1,MN
79783330,Củ Chi,2,1,MN
79783331,Củ Chi,2,1,MN
79783332,Củ Chi,2,1,MN
79783333,Củ Chi,2,1,MN
79783335,Củ Chi,2,1,MN
79783336,Củ Chi,2,1,MN
79783338,Củ Chi,1,1,MN
79783339,Củ Chi,1,1,MN
79783340,Củ Chi,1,1,MN
79783341,Củ Chi,1,1,MN
79783342,Củ Chi,1,1,MN
79783343,Củ Chi,1,1,MN
79783344,Củ Chi,1,1,MN
79783345,Củ Chi,1,1,MN
79783346,Củ Chi,1,1,MN
79783347,Củ Chi,1,1,MN
79783348,Củ Chi,1,1,MN
79783349,Củ Chi,1,1,MN
79783350,Củ Chi,1,1,MN
79783351,Củ Chi,1,1,MN
79783352,Củ Chi,1,1,MN
79783354,Củ Chi,1,1,MN
79783355,Củ Chi,1,1,MN
79783356,Củ Chi,1,1,MN
79783357,Củ Chi,1,1,MN
79783358,Củ Chi,1,1,MN
79783359,Củ Chi,1,1,MN
79783360,Củ Chi,1,1,MN
79783361,Củ Chi,1,1,MN
79783362,Củ Chi,2,1,MN
79783363,Củ Chi,2,1,MN
79783364,Củ Chi,1,1,MN
79783365,Củ Chi,1,1,MN
79783366,Củ Chi,2,1,MN
79783367,Củ Chi,2,1,MN
79783368,Củ Chi,2,1,MN
79783369,Củ Chi,2,1,MN
79783370,Củ Chi,1,0,MN
79783371,Củ Chi,2,0,MN
79783372,Củ Chi,2,0,MN
79783LA0,Củ Chi,2,0,MN
79783LA2,Củ Chi,2,0,MN
79783LA3,Củ Chi,2,0,MN
79783LA4,Củ Chi,2,0,MN
79783LA5,Củ Chi,2,0,MN
79783LA6,Củ Chi,2,0,MN
79783LA7,Củ Chi,2,0,MN
79783LA8,Củ Chi,2,0,MN
79783LA9,Củ Chi,2,0,MN
79783LB0,Củ Chi,2,0,MN
79783LB2,Củ Chi,2,0,MN
79783LB3,Củ Chi,2,0,MN
79783LB4,Củ Chi,2,0,MN
79783LB7,Củ Chi,2,0,MN
79783LB9,Củ Chi,2,0,MN
79783LC0,Củ Chi,2,0,MN
79783LC1,Củ Chi,2,0,MN
79783LC2,Củ Chi,2,0,MN
79783LC3,Củ Chi,2,0,MN
79783LC4,Củ Chi,2,0,MN
79783LC5,Củ Chi,2,0,MN
79783LC6,Củ Chi,2,0,MN
79783LC7,Củ Chi,2,0,MN
79783LC8,Củ Chi,2,0,MN
79783LC9,Củ Chi,2,0,MN
79783LD0,Củ Chi,2,0,MN
79783LD1,Củ Chi,2,0,MN
79783LD2,Củ Chi,2,0,MN
79783LD3,Củ Chi,2,0,MN
79783LD4,Củ Chi,2,0,MN
79783LD5,Củ Chi,2,0,MN
79783W01,Củ Chi,2,1,MN
79783W03,Củ Chi,2,1,MN
79783W04,Củ Chi,2,1,MN
79783W12,Củ Chi,2,1,MN
79783W15,Củ Chi,2,1,MN
79783W16,Củ Chi,2,1,MN
79783W18,Củ Chi,2,1,MN
79783W21,Củ Chi,2,1,MN
79783W23,Củ Chi,2,1,MN
79783W24,Củ Chi,2,1,MN
79783W26,Củ Chi,2,1,MN
79783W27,Củ Chi,2,1,MN
79783W30,Củ Chi,2,1,MN
79783W32,Củ Chi,2,1,MN
79783W36,Củ Chi,2,1,MN
79783W38,Củ Chi,2,1,MN
79783W42,Củ Chi,2,1,MN
79783W44,Củ Chi,2,1,MN
79783W45,Củ Chi,2,1,MN
79783W48,Củ Chi,2,1,MN
79783W49,Củ Chi,2,1,MN
79783W51,Củ Chi,2,1,MN
79783W52,Củ Chi,2,1,MN
79783W53,Củ Chi,2,1,MN
79783W55,Củ Chi,2,1,MN
79783W56,Củ Chi,2,1,MN
79783w58,Củ Chi,2,1,MN
79783W61,Củ Chi,2,1,MN
79783W63,Củ Chi,2,1,MN
79783W64,Củ Chi,2,1,MN
79783W65,Củ Chi,2,1,MN
79783W67,Củ Chi,2,1,MN
79783W68,Củ Chi,2,1,MN
79783W70,Củ Chi,2,1,MN
79783W74,Củ Chi,2,1,MN
79783W75,Củ Chi,2,1,MN
79783W76,Củ Chi,2,1,MN
79783W77,Củ Chi,2,1,MN
79783W78,Củ Chi,2,1,MN
79783W79,Củ Chi,2,1,MN
79783W80,Củ Chi,2,1,MN
79783W84,Củ Chi,2,1,MN
79783W85,Củ Chi,2,1,MN
79783W86,Củ Chi,2,1,MN
79783W87,Củ Chi,2,1,MN
79783W88,Củ Chi,2,1,MN
79783W90,Củ Chi,2,1,MN
79783W92,Củ Chi,2,1,MN
79783W94,Củ Chi,2,1,MN
79783W95,Củ Chi,2,1,MN
79783W96,Củ Chi,2,1,MN
79783W98,Củ Chi,2,1,MN
797840Y06,Hóc Môn,2,1,MN
79784201,Hóc Môn,1,1,MN
79784204,Hóc Môn,1,1,MN
79784205,Hóc Môn,1,1,MN
79784206,Hóc Môn,1,1,MN
79784207,Hóc Môn,1,1,MN
79784301,Hóc Môn,1,1,MN
79784302,Hóc Môn,1,1,MN
79784303,Hóc Môn,1,1,MN
79784304,Hóc Môn,1,1,MN
79784305,Hóc Môn,1,1,MN
79784306,Hóc Môn,1,1,MN
79784307,Hóc Môn,1,1,MN
79784308,Hóc Môn,1,1,MN
79784309,Hóc Môn,2,1,MN
79784310,Hóc Môn,2,1,MN
79784314,Hóc Môn,1,1,MN
79784315,Hóc Môn,2,1,MN
79784316,Hóc Môn,2,1,MN
79784317,Hóc Môn,2,1,MN
79784318,Hóc Môn,2,1,MN
79784319,Hóc Môn,2,1,MN
79784320,Hóc Môn,2,1,MN
79784323,Hóc Môn,1,1,MN
79784324,Hóc Môn,1,1,MN
79784325,Hóc Môn,1,1,MN
79784326,Hóc Môn,1,0,MN
79784dt1,Hóc Môn,2,0,MN
79784dt2,Hóc Môn,2,0,MN
79784dt3,Hóc Môn,2,0,MN
79784dt4,Hóc Môn,2,0,MN
79784O01,Hóc Môn,2,1,MN
79784O02,Hóc Môn,2,1,MN
79784O03,Hóc Môn,2,1,MN
79784O04,Hóc Môn,2,1,MN
79784O05,Hóc Môn,2,1,MN
79784O06,Hóc Môn,2,1,MN
79784O07,Hóc Môn,2,1,MN
79784O08,Hóc Môn,2,1,MN
79784O09,Hóc Môn,2,1,MN
79784O10,Hóc Môn,2,1,MN
79784O11,Hóc Môn,2,1,MN
79784O12,Hóc Môn,2,1,MN
79784O13,Hóc Môn,2,1,MN
79784O14,Hóc Môn,2,1,MN
79784O18,Hóc Môn,2,1,MN
79784O20,Hóc Môn,2,1,MN
79784O22,Hóc Môn,2,1,MN
79784O23,Hóc Môn,2,1,MN
79784O26,Hóc Môn,2,1,MN
79784O27,Hóc Môn,2,1,MN
79784O28,Hóc Môn,2,1,MN
79784O29,Hóc Môn,2,1,MN
79784P03,Hóc Môn,2,1,MN
79784P05,Hóc Môn,2,1,MN
79784P06,Hóc Môn,2,1,MN
79784P07,Hóc Môn,2,1,MN
79784P08,Hóc Môn,2,1,MN
79784P09,Hóc Môn,2,1,MN
79784P10,Hóc Môn,2,1,MN
79784P12,Hóc Môn,2,1,MN
79784P13,Hóc Môn,2,1,MN
79784P15,Hóc Môn,2,1,MN
79784P16,Hóc Môn,2,1,MN
79784thi1,Hóc Môn,2,0,MN
79784trc1,Hóc Môn,2,0,MN
79784trc2,Hóc Môn,2,0,MN
79784trc3,Hóc Môn,2,0,MN
79784ttn1,Hóc Môn,2,0,MN
79784ttr1,Hóc Môn,2,0,MN
79784ttr2,Hóc Môn,2,0,MN
79784ttr3,Hóc Môn,2,0,MN
79784ttt1,Hóc Môn,2,0,MN
79784txu1,Hóc Môn,2,0,MN
79784W01,Hóc Môn,2,1,MN
79784W03,Hóc Môn,2,1,MN
79784W04,Hóc Môn,2,1,MN
79784W06,Hóc Môn,2,1,MN
79784W07,Hóc Môn,2,1,MN
79784W08,Hóc Môn,2,1,MN
79784W15,Hóc Môn,2,1,MN
79784W18,Hóc Môn,2,1,MN
79784W19,Hóc Môn,2,1,MN
79784W23,Hóc Môn,2,1,MN
79784W27,Hóc Môn,2,1,MN
79784W31,Hóc Môn,2,1,MN
79784W33,Hóc Môn,2,1,MN
79784W38,Hóc Môn,2,1,MN
79784W42,Hóc Môn,2,1,MN
79784W43,Hóc Môn,2,1,MN
79784W47,Hóc Môn,2,1,MN
79784W48,Hóc Môn,2,1,MN
79784W50,Hóc Môn,2,1,MN
79784W51,Hóc Môn,2,1,MN
79784W52,Hóc Môn,2,1,MN
79784W53,Hóc Môn,2,1,MN
79784W54,Hóc Môn,2,1,MN
79784W55,Hóc Môn,2,1,MN
79784W56,Hóc Môn,2,1,MN
79784W57,Hóc Môn,2,1,MN
79784W60,Hóc Môn,2,1,MN
79784W61,Hóc Môn,2,1,MN
79784W63,Hóc Môn,2,1,MN
79784W67,Hóc Môn,2,1,MN
79784W69,Hóc Môn,2,1,MN
79784W72,Hóc Môn,2,1,MN
79784W73,Hóc Môn,2,1,MN
79784W74,Hóc Môn,2,1,MN
79784W75,Hóc Môn,2,1,MN
79784W76,Hóc Môn,2,1,MN
79784W78,Hóc Môn,2,1,MN
79784W79,Hóc Môn,2,1,MN
79784W80,Hóc Môn,2,1,MN
79784W81,Hóc Môn,2,1,MN
79784W82,Hóc Môn,2,1,MN
79784W83,Hóc Môn,2,1,MN
79784W84,Hóc Môn,2,1,MN
79784W85,Hóc Môn,2,1,MN
79784W87,Hóc Môn,2,1,MN
79784W89,Hóc Môn,2,1,MN
79784W91,Hóc Môn,2,1,MN
79784W92,Hóc Môn,2,1,MN
79784W93,Hóc Môn,2,1,MN
79784W94,Hóc Môn,2,1,MN
79784W95,Hóc Môn,2,1,MN
79784W96,Hóc Môn,2,1,MN
79784W97,Hóc Môn,2,1,MN
79784W98,Hóc Môn,2,1,MN
79784WA0,Hóc Môn,2,1,MN
79784WA3,Hóc Môn,2,1,MN
79784WA4,Hóc Môn,2,1,MN
79784WA5,Hóc Môn,2,1,MN
79784WA6,Hóc Môn,2,1,MN
79784WA7,Hóc Môn,2,1,MN
79784WA9,Hóc Môn,2,1,MN
79784WB0,Hóc Môn,2,1,MN
79784WB2,Hóc Môn,2,1,MN
79784WB3,Hóc Môn,2,1,MN
79784WB5,Hóc Môn,2,1,MN
79784WB6,Hóc Môn,2,1,MN
79784WB7,Hóc Môn,2,1,MN
79784WB8,Hóc Môn,2,1,MN
79784WB9,Hóc Môn,2,1,MN
79784WC1,Hóc Môn,2,1,MN
79784WC10,Hóc Môn,2,1,MN
79784WC11,Hóc Môn,2,1,MN
79784WC12,Hóc Môn,2,1,MN
79784WC13,Hóc Môn,2,1,MN
79784WC14,Hóc Môn,2,1,MN
79784WC15,Hóc Môn,2,1,MN
79784WC2,Hóc Môn,2,1,MN
79784WC3,Hóc Môn,2,1,MN
79784WC4,Hóc Môn,2,1,MN
79784WC5,Hóc Môn,2,1,MN
79784WC6,Hóc Môn,2,1,MN
79784WC7,Hóc Môn,2,1,MN
79784WC8,Hóc Môn,2,1,MN
79784WD1,Hóc Môn,2,1,MN
79784WD10,Hóc Môn,2,1,MN
79784WD2,Hóc Môn,2,1,MN
79784WD4,Hóc Môn,2,1,MN
79784WD6,Hóc Môn,2,1,MN
79784WD9,Hóc Môn,2,1,MN
79784we1,Hóc Môn,2,0,MN
79784WE14,Hóc Môn,2,0,MN
79784WG10,Hóc Môn,2,0,MN
79784WG13,Hóc Môn,2,0,MN
79784WG14,Hóc Môn,2,0,MN
79784WG15,Hóc Môn,2,0,MN
79784WG16,Hóc Môn,2,0,MN
79784WG5,Hóc Môn,2,0,MN
79784WG9,Hóc Môn,2,0,MN
79784WH01,Hóc Môn,2,0,MN
79784WH02,Hóc Môn,2,0,MN
79784WH05,Hóc Môn,2,0,MN
79784WH06,Hóc Môn,2,0,MN
79784WH07,Hóc Môn,2,0,MN
79784WJ01,Hóc Môn,2,0,MN
79784WJ02,Hóc Môn,2,0,MN
79784WJ03,Hóc Môn,2,0,MN
79784WJ04,Hóc Môn,2,0,MN
79784WJ05,Hóc Môn,2,0,MN
79784WJ06,Hóc Môn,2,0,MN
79784WJ08,Hóc Môn,2,0,MN
79784WJ09,Hóc Môn,2,0,MN
79784ww1,Hóc Môn,2,0,MN
79784ww2,Hóc Môn,2,0,MN
79784ww3,Hóc Môn,2,0,MN
79784ww4,Hóc Môn,2,0,MN
79784X01,Hóc Môn,2,1,MN
79784X03,Hóc Môn,2,1,MN
79784X06,Hóc Môn,2,1,MN
79784X07,Hóc Môn,2,1,MN
79784X09,Hóc Môn,2,1,MN
79784X13,Hóc Môn,2,1,MN
79784X14,Hóc Môn,2,1,MN
79784X15,Hóc Môn,2,1,MN
79784xtd1,Hóc Môn,2,0,MN
79784xtd2,Hóc Môn,2,0,MN
79784Y01,Hóc Môn,2,1,MN
79784Y02,Hóc Môn,2,1,MN
79784Y03,Hóc Môn,2,1,MN
79784Y04,Hóc Môn,2,1,MN
79784Y05,Hóc Môn,2,1,MN
79784Y07,Hóc Môn,2,1,MN
79784y08,Hóc Môn,2,1,MN
79784y09,Hóc Môn,2,1,MN
79784Y10,Hóc Môn,2,1,MN
79784Y11,Hóc Môn,2,1,MN
79784Y12,Hóc Môn,2,1,MN
79784Y13,Hóc Môn,2,1,MN
79784Y14,Hóc Môn,2,1,MN
79784Y15,Hóc Môn,2,1,MN
79784Y17,Hóc Môn,2,1,MN
79784Y18,Hóc Môn,2,1,MN
79784Y20,Hóc Môn,2,1,MN
79784Y21,Hóc Môn,2,1,MN
79784Y22,Hóc Môn,2,1,MN
79784Y24,Hóc Môn,2,1,MN
79784Y25,Hóc Môn,2,1,MN
79784Y27,Hóc Môn,2,1,MN
79784Y28,Hóc Môn,2,1,MN
79784Y29,Hóc Môn,2,1,MN
79784Y30,Hóc Môn,2,1,MN
79784Y31,Hóc Môn,2,1,MN
79784Y32,Hóc Môn,2,1,MN
79784Y33,Hóc Môn,2,1,MN
79784Y34,Hóc Môn,2,1,MN
79784Z01,Hóc Môn,2,1,MN
79784Z02,Hóc Môn,2,1,MN
79784Z03,Hóc Môn,2,1,MN
79784Z04,Hóc Môn,2,1,MN
79784Z05,Hóc Môn,2,1,MN
79784Z06,Hóc Môn,2,1,MN
79784Z08,Hóc Môn,2,1,MN
79784Z09,Hóc Môn,2,1,MN
79784Z10,Hóc Môn,2,1,MN
79784Z11,Hóc Môn,2,1,MN
79784Z12,Hóc Môn,2,1,MN
79784Z13,Hóc Môn,2,1,MN
79784Z14,Hóc Môn,2,1,MN
79784Z15,Hóc Môn,2,1,MN
7978dth1,Hóc Môn,2,0,MN
79785201,Bình Chánh,1,1,MN
79785202,Bình Chánh,1,1,MN
79785205,Bình Chánh,1,1,MN
79785206,Bình Chánh,1,1,MN
79785301,Bình Chánh,1,1,MN
79785302,Bình Chánh,1,1,MN
79785303,Bình Chánh,1,1,MN
79785304,Bình Chánh,1,1,MN
79785305,Bình Chánh,1,1,MN
79785306,Bình Chánh,1,1,MN
79785307,Bình Chánh,1,1,MN
79785308,Bình Chánh,1,1,MN
79785309,Bình Chánh,1,1,MN
79785310,Bình Chánh,1,1,MN
79785311,Bình Chánh,1,1,MN
79785312,Bình Chánh,2,1,MN
79785316,Bình Chánh,2,1,MN
79785317,Bình Chánh,2,1,MN
79785318,Bình Chánh,2,1,MN
79785319,Bình Chánh,2,1,MN
79785320,Bình Chánh,2,1,MN
79785322,Bình Chánh,2,1,MN
79785323,Bình Chánh,1,1,MN
79785324,Bình Chánh,1,1,MN
79785325,Bình Chánh,1,1,MN
79785326,Bình Chánh,2,1,MN
79785327,Bình Chánh,2,1,MN
79785328,Bình Chánh,2,1,MN
79785329,Bình Chánh,2,1,MN
79785330,Bình Chánh,2,1,MN
79785334,Bình Chánh,1,1,MN
79785335,Bình Chánh,1,1,MN
79785336,Bình Chánh,1,1,MN
79785337,Bình Chánh,1,1,MN
79785338,Bình Chánh,1,1,MN
79785339,Bình Chánh,1,1,MN
79785341,Bình Chánh,2,1,MN
79785342,Bình Chánh,1,1,MN
79785343,Bình Chánh,1,1,MN
79785344,Bình Chánh,1,1,MN
79785345,Bình Chánh,1,1,MN
79785346,Bình Chánh,2,0,MN
79785347,Bình Chánh,2,0,MN
79785348,Bình Chánh,2,0,MN
79785349,Bình Chánh,2,0,MN
79785350,Bình Chánh,2,0,MN
797853A1,Bình Chánh,1,1,MN
797853A2,Bình Chánh,1,1,MN
797853A3,Bình Chánh,2,1,MN
797853A4,Bình Chánh,2,1,MN
79785451,Bình Chánh,2,0,MN
79785W05,Bình Chánh,2,1,MN
79785W07,Bình Chánh,2,1,MN
79785W09,Bình Chánh,2,1,MN
79785W10,Bình Chánh,2,1,MN
79785W11,Bình Chánh,2,1,MN
79785W12,Bình Chánh,2,1,MN
79785W13,Bình Chánh,2,1,MN
79785W14,Bình Chánh,2,1,MN
79785W15,Bình Chánh,2,1,MN
79785W17,Bình Chánh,2,1,MN
79785W18,Bình Chánh,2,1,MN
79785W22,Bình Chánh,2,1,MN
79785W25,Bình Chánh,2,1,MN
79785W26,Bình Chánh,2,1,MN
79785W27,Bình Chánh,2,1,MN
79785W28,Bình Chánh,2,1,MN
79785W29,Bình Chánh,2,1,MN
79785W32,Bình Chánh,2,1,MN
79785W33,Bình Chánh,2,1,MN
79785W34,Bình Chánh,2,1,MN
79785W36,Bình Chánh,2,1,MN
79785W37,Bình Chánh,2,1,MN
79785W38,Bình Chánh,2,1,MN
79785W40,Bình Chánh,2,1,MN
79785W41,Bình Chánh,2,1,MN
79785W42,Bình Chánh,2,1,MN
79785W43,Bình Chánh,2,1,MN
79785W44,Bình Chánh,2,1,MN
79785W46,Bình Chánh,2,1,MN
79785W49,Bình Chánh,2,1,MN
79785W50,Bình Chánh,2,1,MN
79785W51,Bình Chánh,2,1,MN
79785W52,Bình Chánh,2,1,MN
79785W55,Bình Chánh,2,1,MN
79785W56,Bình Chánh,2,1,MN
79785W61,Bình Chánh,2,1,MN
79785W62,Bình Chánh,2,1,MN
79785W65,Bình Chánh,2,1,MN
79785W66,Bình Chánh,2,1,MN
79785W67,Bình Chánh,2,1,MN
79785W68,Bình Chánh,2,1,MN
79785W73,Bình Chánh,2,1,MN
79785W74,Bình Chánh,2,1,MN
79785W75,Bình Chánh,2,1,MN
79785W76,Bình Chánh,2,1,MN
79785W78,Bình Chánh,2,1,MN
79785W79,Bình Chánh,2,1,MN
79785W80,Bình Chánh,2,1,MN
79785W81,Bình Chánh,2,1,MN
79785W82,Bình Chánh,2,1,MN
79785W83,Bình Chánh,2,1,MN
79785W84,Bình Chánh,2,1,MN
79785W85,Bình Chánh,2,1,MN
79785W86,Bình Chánh,2,1,MN
79785W89,Bình Chánh,2,1,MN
79785W90,Bình Chánh,2,1,MN
79785W91,Bình Chánh,2,1,MN
79785W93,Bình Chánh,2,1,MN
79785W94,Bình Chánh,2,1,MN
79785W95,Bình Chánh,2,1,MN
79785W96,Bình Chánh,2,1,MN
79785W97,Bình Chánh,2,1,MN
79785W98,Bình Chánh,2,1,MN
79785W99,Bình Chánh,2,1,MN
79785WA0,Bình Chánh,2,1,MN
79785WA2,Bình Chánh,2,1,MN
79785WA4,Bình Chánh,2,1,MN
79785WA6,Bình Chánh,2,1,MN
79785WA7,Bình Chánh,2,1,MN
79785WB1,Bình Chánh,2,1,MN
79785WB2,Bình Chánh,2,1,MN
79785WB3,Bình Chánh,2,1,MN
79785WB4,Bình Chánh,2,0,MN
79785WB5,Bình Chánh,2,1,MN
79785WB6,Bình Chánh,2,1,MN
79785WB8,Bình Chánh,2,1,MN
79785WC0,Bình Chánh,2,1,MN
79785WC1,Bình Chánh,2,1,MN
79785WC3,Bình Chánh,2,1,MN
79785WC4,Bình Chánh,2,1,MN
79785WC5,Bình Chánh,2,1,MN
79785WC6,Bình Chánh,2,1,MN
79785WC9,Bình Chánh,2,1,MN
79785WD0,Bình Chánh,2,1,MN
79785WD1,Bình Chánh,2,1,MN
79785WD2,Bình Chánh,2,1,MN
79785WD3,Bình Chánh,2,1,MN
79785WD5,Bình Chánh,2,1,MN
79785WD6,Bình Chánh,2,1,MN
79785WD7,Bình Chánh,2,1,MN
79785WD9,Bình Chánh,2,1,MN
79785WE0,Bình Chánh,2,1,MN
79785WE2,Bình Chánh,2,1,MN
79785WE3,Bình Chánh,2,1,MN
79785WE4,Bình Chánh,2,1,MN
79785We6,Bình Chánh,2,1,MN
79785We7,Bình Chánh,2,0,MN
79785We9,Bình Chánh,2,1,MN
79785Wf1,Bình Chánh,2,1,MN
79785Wf3,Bình Chánh,2,1,MN
79785Wf4,Bình Chánh,2,1,MN
79785Wf5,Bình Chánh,2,1,MN
79785Wf6,Bình Chánh,2,1,MN
79785Wf9,Bình Chánh,2,1,MN
79785Wg1,Bình Chánh,2,1,MN
79785Wg3,Bình Chánh,2,1,MN
79785Wg4,Bình Chánh,2,1,MN
79785WG5,Bình Chánh,2,1,MN
79785Wg6,Bình Chánh,2,1,MN
79785Wg8,Bình Chánh,2,1,MN
79785Wg9,Bình Chánh,2,1,MN
79785Wh2,Bình Chánh,2,1,MN
79785Wh3,Bình Chánh,2,1,MN
79785Wh4,Bình Chánh,2,1,MN
79785Wh5,Bình Chánh,2,1,MN
79785Wh6,Bình Chánh,2,1,MN
79785Wh7,Bình Chánh,2,1,MN
79785Wh9,Bình Chánh,2,1,MN
79785Wi2,Bình Chánh,2,1,MN
79785Wi3,Bình Chánh,2,1,MN
79785WI4,Bình Chánh,2,1,MN
79785Wi5,Bình Chánh,2,1,MN
79785Wi6,Bình Chánh,2,1,MN
79785Wi7,Bình Chánh,2,1,MN
79785Wi9,Bình Chánh,2,1,MN
79785Wk1,Bình Chánh,2,1,MN
79785Wk2,Bình Chánh,2,1,MN
79785Wk3,Bình Chánh,2,1,MN
79785Wm1,Bình Chánh,2,1,MN
79785Wm2,Bình Chánh,2,1,MN
79785Wm4,Bình Chánh,2,1,MN
79785Wm6,Bình Chánh,2,1,MN
79785Wm7,Bình Chánh,2,1,MN
79785Wm8,Bình Chánh,2,1,MN
79785Wm9,Bình Chánh,2,1,MN
79785Wn1,Bình Chánh,2,1,MN
79785Wn2,Bình Chánh,2,1,MN
79785Wn4,Bình Chánh,2,1,MN
79785Wn6,Bình Chánh,2,1,MN
79785Wn7,Bình Chánh,2,1,MN
79785Wn9,Bình Chánh,2,1,MN
79785Wp3,Bình Chánh,2,1,MN
79785Wp5,Bình Chánh,2,1,MN
79785Wp7,Bình Chánh,2,1,MN
79785Wp8,Bình Chánh,2,1,MN
79785Wq1,Bình Chánh,2,1,MN
79785Wq3,Bình Chánh,2,1,MN
79785Wq4,Bình Chánh,2,1,MN
79785Wq5,Bình Chánh,2,1,MN
79785Wq6,Bình Chánh,2,1,MN
79785Wq7,Bình Chánh,2,1,MN
79785Wq8,Bình Chánh,2,1,MN
79785Wq9,Bình Chánh,2,0,MN
79785Wr1,Bình Chánh,2,0,MN
79785Wr2,Bình Chánh,2,0,MN
79785Wr3,Bình Chánh,2,0,MN
79785Wr4,Bình Chánh,2,0,MN
79785Wr5,Bình Chánh,2,0,MN
79785Ws1,Bình Chánh,2,0,MN
79785Ws3,Bình Chánh,2,0,MN
79785Ws6,Bình Chánh,2,0,MN
79785Ws7,Bình Chánh,2,0,MN
79785Ws8,Bình Chánh,2,0,MN
79785Ws9,Bình Chánh,2,0,MN
79785Wt1,Bình Chánh,2,0,MN
79785Wt2,Bình Chánh,2,0,MN
79785Wt3,Bình Chánh,2,0,MN
79785Wt4,Bình Chánh,2,0,MN
79785Wt5,Bình Chánh,2,0,MN
79785Wt6,Bình Chánh,2,0,MN
79785Wt7,Bình Chánh,2,0,MN
79785Wt8,Bình Chánh,2,0,MN
79785Wt9,Bình Chánh,2,0,MN
79786300,Nhà Bè,2,1,MN
79786301,Nhà Bè,1,1,MN
79786302,Nhà Bè,1,1,MN
79786303,Nhà Bè,1,1,MN
79786304,Nhà Bè,1,1,MN
79786305,Nhà Bè,1,1,MN
79786306,Nhà Bè,1,1,MN
79786307,Nhà Bè,1,1,MN
79786308,Nhà Bè,1,1,MN
79786309,Nhà Bè,2,1,MN
79786310,Nhà Bè,2,1,MN
79786311,Nhà Bè,1,1,MN
79786312,Nhà Bè,2,1,MN
79786314,Nhà Bè,2,1,MN
79786316,Nhà Bè,2,1,MN
79786317,Nhà Bè,2,1,MN
79786318,Nhà Bè,2,1,MN
79786319,Nhà Bè,2,1,MN
79786320,Nhà Bè,2,1,MN
79786321,Nhà Bè,2,1,MN
79786322,Nhà Bè,2,1,MN
79786323,Nhà Bè,1,1,MN
79786324,Nhà Bè,1,1,MN
79786325,Nhà Bè,2,1,MN
79786326,Nhà Bè,2,1,MN
79786327,Nhà Bè,2,1,MN
79786328,Nhà Bè,2,0,MN
79786329,Nhà Bè,2,0,MN
79786330,Nhà Bè,2,0,MN
79786331,Nhà Bè,2,0,MN
79786332,Nhà Bè,2,0,MN
79786333,Nhà Bè,1,0,MN
79786334,Nhà Bè,1,0,MN
79786335,Nhà Bè,2,0,MN
79786336,Nhà Bè,2,0,MN
79786337,Nhà Bè,2,0,MN
79786338,Nhà Bè,2,0,MN
79786339,Nhà Bè,2,0,MN
79786340,Nhà Bè,2,0,MN
79786L03,Nhà Bè,2,1,MN
79786L05,Nhà Bè,2,0,MN
79786L06,Nhà Bè,2,1,MN
79786L07,Nhà Bè,2,1,MN
79786L09,Nhà Bè,2,1,MN
79786L10,Nhà Bè,2,1,MN
79786L12,Nhà Bè,2,1,MN
79786L15,Nhà Bè,2,1,MN
79786L16,Nhà Bè,2,0,MN
79786L17,Nhà Bè,2,0,MN
79786L18,Nhà Bè,2,0,MN
79786L19,Nhà Bè,2,0,MN
79786L20,Nhà Bè,2,0,MN
79786L21,Nhà Bè,2,0,MN
79786L24,Nhà Bè,2,0,MN
79786L25,Nhà Bè,2,0,MN
79786L26,Nhà Bè,2,0,MN
79786L27,Nhà Bè,2,0,MN
79786L28,Nhà Bè,2,0,MN
79786L29,Nhà Bè,2,0,MN
79786L31,Nhà Bè,2,0,MN
79786L32,Nhà Bè,2,0,MN
79786L33,Nhà Bè,2,0,MN
79786L34,Nhà Bè,2,0,MN
79786L35,Nhà Bè,2,0,MN
79786L36,Nhà Bè,2,0,MN
79786L37,Nhà Bè,2,0,MN
79786L38,Nhà Bè,2,0,MN
79786L39,Nhà Bè,2,0,MN
79786O02,Nhà Bè,2,1,MN
79786W01,Nhà Bè,2,1,MN
79786W02,Nhà Bè,2,1,MN
79786W04,Nhà Bè,2,1,MN
79786W05,Nhà Bè,2,1,MN
79786W06,Nhà Bè,2,1,MN
79786W08,Nhà Bè,2,1,MN
79786W10,Nhà Bè,2,1,MN
79786W11,Nhà Bè,2,1,MN
79786W12,Nhà Bè,2,1,MN
79786W14,Nhà Bè,2,0,MN
79786W15,Nhà Bè,2,1,MN
79786W16,Nhà Bè,2,1,MN
79786W18,Nhà Bè,2,1,MN
79786W19,Nhà Bè,2,1,MN
79786W20,Nhà Bè,2,1,MN
79786W22,Nhà Bè,2,1,MN
79786W25,Nhà Bè,2,1,MN
79786W26,Nhà Bè,2,1,MN
79786W28,Nhà Bè,2,1,MN
79786W29,Nhà Bè,2,1,MN
79786X01,Nhà Bè,2,1,MN
79786X02,Nhà Bè,2,1,MN
79786X06,Nhà Bè,2,0,MN
79786X07,Nhà Bè,2,0,MN
79786X08,Nhà Bè,2,0,MN
79786X09,Nhà Bè,2,0,MN
79786X10,Nhà Bè,2,0,MN
79786X11,Nhà Bè,2,0,MN
79786X12,Nhà Bè,2,0,MN
79786X13,Nhà Bè,2,0,MN
79787201,Cần Giờ,1,1,MN
79787203,Cần Giờ,1,1,MN
79787204,Cần Giờ,1,1,MN
79787205,Cần Giờ,1,1,MN
79787206,Cần Giờ,1,1,MN
79787207,Cần Giờ,1,1,MN
79787301,Cần Giờ,1,1,MN
79787302,Cần Giờ,1,1,MN
79787303,Cần Giờ,1,1,MN
79787304,Cần Giờ,1,1,MN
79787305,Cần Giờ,2,1,MN
79787306,Cần Giờ,1,1,MN
79000767,Không,2,1,TH
79000774,Không,2,1,TH
790007B9,Không,2,1,TH
79000811,Không,2,1,TH
79000813,Không,2,1,TH
79000818,Không,2,1,TH
79000828,Không,2,1,TH
79000832,Không,2,1,TH
79000836,Không,2,1,TH
79000848,Không,2,1,TH
79000852,Không,2,1,TH
79000858,Không,2,1,TH
79000874,Không,2,1,TH
79000888,Không,2,1,TH
79000C01,Không,2,1,TH
79000C03,Không,2,1,TH
79000C04,Không,2,1,TH
79000C05,Không,2,1,TH
79000C06,Không,2,1,TH
79000C07,Không,2,1,TH
79000C09,Không,2,1,TH
79000C10,Không,2,1,TH
79000C11,Không,2,1,TH
79000C12,Không,2,1,TH
79000C13,Không,2,1,TH
79000C15,Không,2,1,TH
79000C19,Không,2,1,TH
7900QT01,Không,2,1,TH
7900QT02,Không,2,1,TH
7900QT2,Không,2,1,TH
79760419,Không,2,1,TH
79767601,Không,2,1,TH
79770601,Không,2,1,TH
79770702,Không,2,1,TH
79777418,Không,2,1,TH
79760401,Q1,1,1,TH
79760402,Q1,1,1,TH
79760403,Q1,1,1,TH
79760404,Q1,1,1,TH
79760406,Q1,1,1,TH
79760407,Q1,1,1,TH
79760408,Q1,1,1,TH
79760409,Q1,1,1,TH
79760410,Q1,1,1,TH
79760411,Q1,1,1,TH
79760412,Q1,1,1,TH
79760413,Q1,1,1,TH
79760414,Q1,1,1,TH
79760415,Q1,1,1,TH
79760416,Q1,1,1,TH
79760418,Q1,1,1,TH
70123015,Q12,2,1,TH
79761401,Q12,1,1,TH
79761402,Q12,1,1,TH
79761403,Q12,1,1,TH
79761404,Q12,1,1,TH
79761405,Q12,1,1,TH
79761406,Q12,1,1,TH
79761407,Q12,1,1,TH
79761408,Q12,1,1,TH
79761409,Q12,1,1,TH
79761410,Q12,1,1,TH
79761411,Q12,1,1,TH
79761412,Q12,1,1,TH
79761413,Q12,1,1,TH
79761414,Q12,1,1,TH
79761415,Q12,1,1,TH
79761416,Q12,1,1,TH
79761418,Q12,1,1,TH
79761419,Q12,2,1,TH
79761420,Q12,1,1,TH
79761421,Q12,1,1,TH
79761422,Q12,1,1,TH
79761423,Q12,1,1,TH
79761424,Q12,1,1,TH
79762401,Thủ Đức,1,1,TH
79762402,Thủ Đức,1,1,TH
79762404,Thủ Đức,1,1,TH
79762405,Thủ Đức,1,1,TH
79762406,Thủ Đức,1,1,TH
79762407,Thủ Đức,1,1,TH
79762408,Thủ Đức,1,1,TH
79762409,Thủ Đức,1,1,TH
79762410,Thủ Đức,1,1,TH
79762411,Thủ Đức,1,1,TH
79762412,Thủ Đức,1,1,TH
79762413,Thủ Đức,1,1,TH
79762414,Thủ Đức,1,1,TH
79762415,Thủ Đức,1,1,TH
79762416,Thủ Đức,1,1,TH
79762417,Thủ Đức,1,1,TH
79762418,Thủ Đức,1,1,TH
79762419,Thủ Đức,1,1,TH
79762420,Thủ Đức,1,1,TH
79762421,Thủ Đức,1,1,TH
79762422,Thủ Đức,1,1,TH
79762423,Thủ Đức,1,1,TH
79762424,Thủ Đức,1,1,TH
79762427,Thủ Đức,1,1,TH
79762428,Thủ Đức,1,1,TH
79762429,Thủ Đức,1,1,TH
79763401,Q9,1,1,TH
79763402,Q9,1,1,TH
79763403,Q9,1,1,TH
79763404,Q9,1,1,TH
79763405,Q9,1,1,TH
79763406,Q9,1,1,TH
79763407,Q9,1,1,TH
79763408,Q9,1,1,TH
79763409,Q9,1,1,TH
79763410,Q9,1,1,TH
79763411,Q9,1,1,TH
79763412,Q9,1,1,TH
79763413,Q9,1,1,TH
79763414,Q9,1,1,TH
79763415,Q9,1,1,TH
79763417,Q9,1,1,TH
79763419,Q9,1,1,TH
79763420,Q9,1,1,TH
79763421,Q9,1,1,TH
79763422,Q9,1,1,TH
79764401,Gò Vấp,1,1,TH
79764402,Gò Vấp,1,1,TH
79764403,Gò Vấp,1,1,TH
79764404,Gò Vấp,1,1,TH
79764405,Gò Vấp,1,1,TH
79764407,Gò Vấp,1,1,TH
79764408,Gò Vấp,1,1,TH
79764409,Gò Vấp,1,1,TH
79764410,Gò Vấp,1,1,TH
79764411,Gò Vấp,1,1,TH
79764412,Gò Vấp,1,1,TH
79764413,Gò Vấp,1,1,TH
79764414,Gò Vấp,1,1,TH
79764415,Gò Vấp,1,1,TH
79764416,Gò Vấp,1,1,TH
79764417,Gò Vấp,1,1,TH
79764418,Gò Vấp,1,1,TH
79764419,Gò Vấp,1,1,TH
79764420,Gò Vấp,2,1,TH
79764421,Gò Vấp,1,1,TH
79764422,Gò Vấp,2,1,TH
79764423,Gò Vấp,1,1,TH
79764424,Gò Vấp,1,1,TH
79765401,Bình Thạnh,1,1,TH
79765402,Bình Thạnh,1,1,TH
79765403,Bình Thạnh,1,1,TH
79765404,Bình Thạnh,1,1,TH
79765405,Bình Thạnh,1,1,TH
79765406,Bình Thạnh,1,1,TH
79765407,Bình Thạnh,1,1,TH
79765408,Bình Thạnh,1,1,TH
79765409,Bình Thạnh,1,1,TH
79765410,Bình Thạnh,1,1,TH
79765411,Bình Thạnh,1,1,TH
79765412,Bình Thạnh,1,1,TH
79765413,Bình Thạnh,1,1,TH
79765414,Bình Thạnh,1,1,TH
79765415,Bình Thạnh,1,1,TH
79765416,Bình Thạnh,1,1,TH
79765417,Bình Thạnh,1,1,TH
79765418,Bình Thạnh,1,1,TH
79765419,Bình Thạnh,1,1,TH
79765420,Bình Thạnh,1,1,TH
79765421,Bình Thạnh,1,1,TH
79765423,Bình Thạnh,1,1,TH
79765426,Bình Thạnh,2,1,TH
79765428,Bình Thạnh,2,1,TH
79765429,Bình Thạnh,1,1,TH
79766401,Tân Bình,1,1,TH
79766402,Tân Bình,1,1,TH
79766403,Tân Bình,1,1,TH
79766405,Tân Bình,1,1,TH
79766406,Tân Bình,1,1,TH
79766407,Tân Bình,1,1,TH
79766408,Tân Bình,1,1,TH
79766409,Tân Bình,1,1,TH
79766410,Tân Bình,1,1,TH
79766411,Tân Bình,1,1,TH
79766413,Tân Bình,1,1,TH
79766415,Tân Bình,1,1,TH
79766416,Tân Bình,1,1,TH
79766417,Tân Bình,1,1,TH
79766418,Tân Bình,1,1,TH
79766419,Tân Bình,1,1,TH
79766420,Tân Bình,1,1,TH
79766421,Tân Bình,1,1,TH
79766422,Tân Bình,1,1,TH
79766423,Tân Bình,1,1,TH
79766424,Tân Bình,1,1,TH
79766425,Tân Bình,1,1,TH
79766426,Tân Bình,1,1,TH
79766432,Tân Bình,1,1,TH
79766434,Tân Bình,2,1,TH
79766435,Tân Bình,1,1,TH
79766S10,Tân Bình,1,1,TH
79767401,Tân Phú,1,1,TH
79767402,Tân Phú,1,1,TH
79767403,Tân Phú,1,1,TH
79767405,Tân Phú,1,1,TH
79767406,Tân Phú,1,1,TH
79767407,Tân Phú,1,1,TH
79767408,Tân Phú,1,1,TH
79767409,Tân Phú,1,1,TH
79767410,Tân Phú,1,1,TH
79767411,Tân Phú,1,1,TH
79767413,Tân Phú,1,1,TH
79767416,Tân Phú,1,1,TH
79767417,Tân Phú,1,1,TH
79767418,Tân Phú,2,1,TH
79767419,Tân Phú,1,1,TH
79767420,Tân Phú,1,1,TH
79767421,Tân Phú,1,1,TH
79767422,Tân Phú,1,1,TH
79768401,Phú Nhuận,1,1,TH
79768402,Phú Nhuận,1,1,TH
79768403,Phú Nhuận,1,1,TH
79768404,Phú Nhuận,1,1,TH
79768406,Phú Nhuận,1,1,TH
79768407,Phú Nhuận,1,1,TH
79768408,Phú Nhuận,1,1,TH
79768409,Phú Nhuận,1,1,TH
79768410,Phú Nhuận,1,1,TH
79768411,Phú Nhuận,1,1,TH
79768412,Phú Nhuận,1,1,TH
79768414,Phú Nhuận,1,1,TH
79769401,Q2,1,1,TH
79769403,Q2,1,1,TH
79769404,Q2,1,1,TH
79769405,Q2,1,1,TH
79769406,Q2,1,1,TH
79769407,Q2,1,1,TH
79769408,Q2,1,1,TH
79769409,Q2,1,1,TH
79769410,Q2,1,1,TH
79769411,Q2,2,1,TH
79769412,Q2,1,1,TH
79769413,Q2,1,1,TH
79769514,Q2,2,1,TH
79769515,Q2,2,1,TH
79770403,Q3,1,1,TH
79770404,Q3,1,1,TH
79770406,Q3,1,1,TH
79770407,Q3,1,1,TH
79770408,Q3,1,1,TH
79770409,Q3,1,1,TH
79770410,Q3,1,1,TH
79770411,Q3,1,1,TH
79770412,Q3,1,1,TH
79770413,Q3,1,1,TH
79770414,Q3,1,1,TH
79770417,Q3,1,1,TH
79770418,Q3,1,1,TH
79770419,Q3,1,1,TH
79770420,Q3,1,1,TH
79770422,Q3,1,1,TH
79770423,Q3,0,1,TH
79771401,Q10,1,1,TH
79771402,Q10,1,1,TH
79771403,Q10,1,1,TH
79771405,Q10,1,1,TH
79771406,Q10,1,1,TH
79771407,Q10,1,1,TH
79771408,Q10,1,1,TH
79771409,Q10,1,1,TH
79771410,Q10,1,1,TH
79771411,Q10,1,1,TH
79771412,Q10,1,1,TH
79771413,Q10,1,1,TH
79771414,Q10,1,1,TH
79771415,Q10,1,1,TH
79771416,Q10,1,1,TH
79771417,Q10,1,1,TH
79771420,Q10,1,1,TH
79772401,Q11,1,1,TH
79772402,Q11,1,1,TH
79772403,Q11,1,1,TH
79772404,Q11,1,1,TH
79772405,Q11,1,1,TH
79772406,Q11,1,1,TH
79772407,Q11,1,1,TH
79772408,Q11,1,1,TH
79772409,Q11,1,1,TH
79772410,Q11,1,1,TH
79772411,Q11,1,1,TH
79772412,Q11,1,1,TH
79772413,Q11,1,1,TH
79772414,Q11,1,1,TH
79772415,Q11,1,1,TH
79772416,Q11,1,1,TH
79772417,Q11,1,1,TH
79772420,Q11,2,1,TH
79772421,Q11,2,1,TH
79772422,Q11,2,1,TH
79772423,Q11,1,1,TH
79773401,Q4,1,1,TH
79773402,Q4,1,1,TH
79773403,Q4,1,1,TH
79773404,Q4,1,1,TH
79773405,Q4,1,1,TH
79773406,Q4,1,1,TH
79773408,Q4,1,1,TH
79773409,Q4,1,1,TH
79773410,Q4,1,1,TH
79773411,Q4,1,1,TH
79773413,Q4,1,1,TH
79773414,Q4,1,1,TH
79773415,Q4,1,1,TH
79773416,Q4,1,1,TH
79773417,Q4,2,1,TH
79774401,Q5,1,1,TH
79774402,Q5,1,1,TH
79774403,Q5,1,1,TH
79774404,Q5,1,1,TH
79774405,Q5,1,1,TH
79774406,Q5,1,1,TH
79774407,Q5,1,1,TH
79774408,Q5,1,1,TH
79774409,Q5,1,1,TH
79774410,Q5,1,1,TH
79774411,Q5,1,1,TH
79774412,Q5,1,1,TH
79774413,Q5,1,1,TH
79774414,Q5,1,1,TH
79774415,Q5,1,1,TH
79774416,Q5,1,1,TH
79774424,Q5,2,1,TH
79775401,Q6,1,1,TH
79775402,Q6,1,1,TH
79775403,Q6,1,1,TH
79775404,Q6,1,1,TH
79775405,Q6,1,1,TH
79775406,Q6,1,1,TH
79775407,Q6,1,1,TH
79775408,Q6,1,1,TH
79775409,Q6,1,1,TH
79775410,Q6,1,1,TH
79775411,Q6,1,1,TH
79775412,Q6,1,1,TH
79775413,Q6,1,1,TH
79775414,Q6,1,1,TH
79775415,Q6,1,1,TH
79775416,Q6,1,1,TH
79775418,Q6,2,1,TH
79775420,Q6,1,1,TH
79775421,Q6,2,1,TH
79775422,Q6,1,1,TH
79775423,Q6,1,1,TH
79776401,Q8,1,1,TH
79776402,Q8,1,1,TH
79776403,Q8,1,1,TH
79776404,Q8,1,1,TH
79776405,Q8,1,1,TH
79776406,Q8,1,1,TH
79776407,Q8,1,1,TH
79776408,Q8,1,1,TH
79776409,Q8,1,1,TH
79776410,Q8,1,1,TH
79776411,Q8,1,1,TH
79776413,Q8,1,1,TH
79776414,Q8,1,1,TH
79776415,Q8,1,1,TH
79776416,Q8,1,1,TH
79776417,Q8,1,1,TH
79776418,Q8,1,1,TH
79776419,Q8,1,1,TH
79776420,Q8,1,1,TH
79776421,Q8,1,1,TH
79776422,Q8,1,1,TH
79776424,Q8,2,1,TH
79776425,Q8,2,1,TH
79777401,Bình Tân,1,1,TH
79777402,Bình Tân,1,1,TH
79777403,Bình Tân,1,1,TH
79777404,Bình Tân,1,1,TH
79777405,Bình Tân,1,1,TH
79777406,Bình Tân,1,1,TH
79777407,Bình Tân,1,1,TH
79777408,Bình Tân,1,1,TH
79777409,Bình Tân,1,1,TH
79777410,Bình Tân,1,1,TH
79777411,Bình Tân,1,1,TH
79777412,Bình Tân,1,1,TH
79777413,Bình Tân,1,1,TH
79777414,Bình Tân,1,1,TH
79777415,Bình Tân,1,1,TH
79777416,Bình Tân,1,1,TH
79777417,Bình Tân,2,1,TH
79777419,Bình Tân,1,1,TH
79777420,Bình Tân,1,1,TH
79777422,Bình Tân,1,1,TH
79777423,Bình Tân,1,1,TH
79777425,Bình Tân,1,1,TH
79777426,Bình Tân,1,1,TH
79778401,Q7,1,1,TH
79778402,Q7,1,1,TH
79778403,Q7,1,1,TH
79778404,Q7,1,1,TH
79778405,Q7,1,1,TH
79778406,Q7,1,1,TH
79778407,Q7,1,1,TH
79778408,Q7,1,1,TH
79778409,Q7,1,1,TH
79778410,Q7,1,1,TH
79778411,Q7,1,1,TH
79778412,Q7,1,1,TH
79778413,Q7,1,1,TH
79778415,Q7,1,1,TH
79778416,Q7,1,1,TH
79778417,Q7,1,1,TH
79778418,Q7,1,1,TH
79778419,Q7,1,1,TH
79778420,Q7,1,1,TH
79783401,Củ Chi,1,1,TH
79783402,Củ Chi,1,1,TH
79783403,Củ Chi,1,1,TH
79783404,Củ Chi,1,1,TH
79783405,Củ Chi,1,1,TH
79783406,Củ Chi,1,1,TH
79783407,Củ Chi,1,1,TH
79783408,Củ Chi,1,1,TH
79783409,Củ Chi,1,1,TH
79783410,Củ Chi,1,1,TH
79783411,Củ Chi,1,1,TH
79783412,Củ Chi,1,1,TH
79783413,Củ Chi,1,1,TH
79783414,Củ Chi,1,1,TH
79783415,Củ Chi,1,1,TH
79783416,Củ Chi,1,1,TH
79783417,Củ Chi,1,1,TH
79783419,Củ Chi,1,1,TH
79783420,Củ Chi,1,1,TH
79783421,Củ Chi,1,1,TH
79783422,Củ Chi,1,1,TH
79783423,Củ Chi,1,1,TH
79783424,Củ Chi,1,1,TH
79783425,Củ Chi,1,1,TH
79783426,Củ Chi,1,1,TH
79783427,Củ Chi,1,1,TH
79783428,Củ Chi,1,1,TH
79783429,Củ Chi,1,1,TH
79783430,Củ Chi,1,1,TH
79783431,Củ Chi,1,1,TH
79783432,Củ Chi,1,1,TH
79783433,Củ Chi,1,1,TH
79783434,Củ Chi,1,1,TH
79783435,Củ Chi,1,1,TH
79783436,Củ Chi,1,1,TH
79783437,Củ Chi,1,1,TH
79783438,Củ Chi,1,1,TH
79783439,Củ Chi,1,1,TH
79783499,Củ Chi,1,1,TH
79783600,Củ Chi,1,1,TH
79784401,Hóc Môn,1,1,TH
79784402,Hóc Môn,1,1,TH
79784403,Hóc Môn,1,1,TH
79784404,Hóc Môn,1,1,TH
79784405,Hóc Môn,1,1,TH
79784406,Hóc Môn,1,1,TH
79784407,Hóc Môn,1,1,TH
79784408,Hóc Môn,1,1,TH
79784409,Hóc Môn,1,1,TH
79784410,Hóc Môn,1,1,TH
79784411,Hóc Môn,1,1,TH
79784412,Hóc Môn,1,1,TH
79784413,Hóc Môn,1,1,TH
79784414,Hóc Môn,1,1,TH
79784415,Hóc Môn,1,1,TH
79784416,Hóc Môn,1,1,TH
79784417,Hóc Môn,1,1,TH
79784418,Hóc Môn,1,1,TH
79784419,Hóc Môn,1,1,TH
79784420,Hóc Môn,1,1,TH
79784421,Hóc Môn,1,1,TH
79784422,Hóc Môn,1,1,TH
79784423,Hóc Môn,1,1,TH
79784424,Hóc Môn,1,1,TH
79784425,Hóc Môn,1,1,TH
79784426,Hóc Môn,1,1,TH
79784WD5,Hóc Môn,2,1,TH
79785401,Bình Chánh,1,1,TH
79785402,Bình Chánh,1,1,TH
79785403,Bình Chánh,1,1,TH
79785404,Bình Chánh,1,1,TH
79785405,Bình Chánh,1,1,TH
79785406,Bình Chánh,1,1,TH
79785407,Bình Chánh,1,1,TH
79785408,Bình Chánh,1,1,TH
79785409,Bình Chánh,1,1,TH
79785410,Bình Chánh,1,1,TH
79785411,Bình Chánh,1,1,TH
79785412,Bình Chánh,1,1,TH
79785413,Bình Chánh,1,1,TH
79785414,Bình Chánh,1,1,TH
79785415,Bình Chánh,1,1,TH
79785416,Bình Chánh,1,1,TH
79785417,Bình Chánh,1,1,TH
79785418,Bình Chánh,1,1,TH
79785419,Bình Chánh,1,1,TH
79785420,Bình Chánh,1,1,TH
79785421,Bình Chánh,1,1,TH
79785422,Bình Chánh,1,1,TH
79785423,Bình Chánh,1,1,TH
79785424,Bình Chánh,1,1,TH
79785427,Bình Chánh,1,1,TH
79785428,Bình Chánh,1,1,TH
79785429,Bình Chánh,1,1,TH
79785430,Bình Chánh,1,1,TH
79785431,Bình Chánh,1,1,TH
79785432,Bình Chánh,1,1,TH
79785433,Bình Chánh,1,1,TH
79785434,Bình Chánh,1,1,TH
79785435,Bình Chánh,2,1,TH
79785436,Bình Chánh,1,1,TH
79785601,Bình Chánh,2,1,TH
79786401,Nhà Bè,1,1,TH
79786402,Nhà Bè,1,1,TH
79786403,Nhà Bè,1,1,TH
79786404,Nhà Bè,1,1,TH
79786405,Nhà Bè,1,1,TH
79786406,Nhà Bè,1,1,TH
79786407,Nhà Bè,1,1,TH
79786408,Nhà Bè,1,1,TH
79786409,Nhà Bè,1,1,TH
79786410,Nhà Bè,1,1,TH
79786411,Nhà Bè,1,1,TH
79786412,Nhà Bè,1,1,TH
79786413,Nhà Bè,1,1,TH
79786414,Nhà Bè,1,1,TH
79787401,Cần Giờ,1,1,TH
79787402,Cần Giờ,1,1,TH
79787403,Cần Giờ,1,1,TH
79787404,Cần Giờ,1,1,TH
79787405,Cần Giờ,1,1,TH
79787406,Cần Giờ,1,1,TH
79787407,Cần Giờ,1,1,TH
79787408,Cần Giờ,1,1,TH
79787409,Cần Giờ,1,1,TH
79787410,Cần Giờ,1,1,TH
79787411,Cần Giờ,1,1,TH
79787412,Cần Giờ,1,1,TH
79787413,Cần Giờ,1,1,TH
79787414,Cần Giờ,1,1,TH
79787415,Cần Giờ,1,1,TH
79787416,Cần Giờ,1,1,TH
79000707,Không,1,3,THCS
79000767,Không,2,1,THCS
79000774,Không,2,1,THCS
79000791,Không,2,1,THCS
79000799,Không,2,1,THCS
790007A4,Không,2,1,THCS
790007B4,Không,2,1,THCS
790007B9,Không,2,1,THCS
79000809,Không,2,1,THCS
79000810,Không,2,1,THCS
79000811,Không,2,1,THCS
79000812,Không,2,1,THCS
79000813,Không,2,1,THCS
79000814,Không,2,1,THCS
79000815,Không,2,1,THCS
79000816,Không,2,1,THCS
79000818,Không,2,1,THCS
79000820,Không,1,1,THCS
79000822,Không,2,1,THCS
79000824,Không,2,1,THCS
79000825,Không,2,1,THCS
79000826,Không,2,1,THCS
79000828,Không,2,1,THCS
79000829,Không,2,1,THCS
79000830,Không,2,1,THCS
79000831,Không,2,1,THCS
79000832,Không,2,1,THCS
79000834,Không,2,1,THCS
79000835,Không,2,1,THCS
79000836,Không,2,1,THCS
79000838,Không,2,1,THCS
79000841,Không,2,1,THCS
79000846,Không,2,1,THCS
79000848,Không,2,1,THCS
79000849,Không,2,1,THCS
79000850,Không,2,1,THCS
79000851,Không,2,1,THCS
79000852,Không,2,1,THCS
79000853,Không,1,1,THCS
79000854,Không,2,1,THCS
79000855,Không,2,1,THCS
79000856,Không,2,1,THCS
79000857,Không,2,1,THCS
79000858,Không,2,1,THCS
79000859,Không,2,1,THCS
79000860,Không,1,1,THCS
79000861,Không,1,1,THCS
79000865,Không,2,1,THCS
79000866,Không,2,1,THCS
79000868,Không,2,1,THCS
79000869,Không,1,1,THCS
79000871,Không,1,3,THCS
79000872,Không,2,1,THCS
79000873,Không,2,1,THCS
79000874,Không,2,1,THCS
79000876,Không,1,1,THCS
79000888,Không,2,1,THCS
79000C01,Không,2,1,THCS
79000C03,Không,2,1,THCS
79000C04,Không,2,1,THCS
79000C05,Không,2,1,THCS
79000C06,Không,2,1,THCS
79000C07,Không,2,1,THCS
79000C09,Không,2,1,THCS
79000C10,Không,2,1,THCS
79000C11,Không,2,1,THCS
79000C12,Không,2,1,THCS
79000C13,Không,2,1,THCS
79000C15,Không,2,1,THCS
79000C19,Không,2,1,THCS
79000F02,Không,1,2,THCS
79000F03,Không,1,1,THCS
7900QT01,Không,2,1,THCS
7900QT02,Không,2,1,THCS
7900QT2,Không,2,1,THCS
79760419,Không,2,1,THCS
79767601,Không,2,1,THCS
79770601,Không,2,1,THCS
79770702,Không,2,1,THCS
79777418,Không,2,1,THCS
79760501,Q1,1,1,THCS
79760502,Q1,1,1,THCS
79760503,Q1,1,1,THCS
79760504,Q1,1,1,THCS
79760505,Q1,1,1,THCS
79760506,Q1,1,1,THCS
79760507,Q1,1,1,THCS
79760508,Q1,1,1,THCS
79760509,Q1,1,1,THCS
79761501,Q12,1,1,THCS
79761502,Q12,1,1,THCS
79761503,Q12,1,1,THCS
79761504,Q12,1,1,THCS
79761505,Q12,1,1,THCS
79761506,Q12,1,1,THCS
79761507,Q12,1,1,THCS
79761508,Q12,1,1,THCS
79761509,Q12,1,1,THCS
79761510,Q12,1,1,THCS
79761511,Q12,1,1,THCS
79761512,Q12,1,1,THCS
79761513,Q12,1,1,THCS
79761514,Q12,1,1,THCS
79762501,Thủ Đức,1,1,THCS
79762502,Thủ Đức,1,1,THCS
79762503,Thủ Đức,1,1,THCS
79762504,Thủ Đức,1,1,THCS
79762505,Thủ Đức,1,1,THCS
79762506,Thủ Đức,1,1,THCS
79762507,Thủ Đức,1,1,THCS
79762508,Thủ Đức,1,1,THCS
79762509,Thủ Đức,1,1,THCS
79762510,Thủ Đức,1,1,THCS
79762511,Thủ Đức,1,1,THCS
79762512,Thủ Đức,1,1,THCS
79762514,Thủ Đức,1,1,THCS
79762515,Thủ Đức,1,1,THCS
79762516,Thủ Đức,1,1,THCS
79763501,Q9,1,1,THCS
79763502,Q9,1,1,THCS
79763503,Q9,1,1,THCS
79763504,Q9,1,1,THCS
79763505,Q9,1,1,THCS
79763506,Q9,1,1,THCS
79763507,Q9,1,1,THCS
79763508,Q9,1,1,THCS
79763509,Q9,1,1,THCS
79763510,Q9,1,1,THCS
79763511,Q9,1,1,THCS
79763512,Q9,1,1,THCS
79763513,Q9,1,1,THCS
79764501,Gò Vấp,1,1,THCS
79764502,Gò Vấp,1,1,THCS
79764503,Gò Vấp,1,1,THCS
79764504,Gò Vấp,1,1,THCS
79764505,Gò Vấp,1,1,THCS
79764507,Gò Vấp,1,1,THCS
79764508,Gò Vấp,1,1,THCS
79764509,Gò Vấp,1,1,THCS
79764510,Gò Vấp,1,1,THCS
79764511,Gò Vấp,1,1,THCS
79764512,Gò Vấp,1,1,THCS
79764513,Gò Vấp,1,1,THCS
79764514,Gò Vấp,1,1,THCS
79764515,Gò Vấp,1,1,THCS
79764516,Gò Vấp,1,1,THCS
79765501,Bình Thạnh,1,1,THCS
79765502,Bình Thạnh,1,1,THCS
79765503,Bình Thạnh,1,1,THCS
79765504,Bình Thạnh,1,1,THCS
79765505,Bình Thạnh,1,1,THCS
79765506,Bình Thạnh,1,1,THCS
79765507,Bình Thạnh,1,1,THCS
79765508,Bình Thạnh,1,1,THCS
79765509,Bình Thạnh,1,1,THCS
79765510,Bình Thạnh,1,1,THCS
79765511,Bình Thạnh,1,1,THCS
79765512,Bình Thạnh,1,1,THCS
79765513,Bình Thạnh,1,1,THCS
79765514,Bình Thạnh,1,1,THCS
79765515,Bình Thạnh,1,1,THCS
79766501,Tân Bình,1,1,THCS
79766502,Tân Bình,1,1,THCS
79766503,Tân Bình,1,1,THCS
79766504,Tân Bình,1,1,THCS
79766505,Tân Bình,1,1,THCS
79766506,Tân Bình,1,1,THCS
79766507,Tân Bình,1,1,THCS
79766508,Tân Bình,1,1,THCS
79766509,Tân Bình,1,1,THCS
79766510,Tân Bình,1,1,THCS
79766511,Tân Bình,1,1,THCS
79766512,Tân Bình,1,1,THCS
79766513,Tân Bình,1,1,THCS
79767418,Tân Phú,2,1,THCS
79767501,Tân Phú,1,1,THCS
79767502,Tân Phú,1,1,THCS
79767503,Tân Phú,1,1,THCS
79767504,Tân Phú,1,1,THCS
79767505,Tân Phú,1,1,THCS
79767506,Tân Phú,1,1,THCS
79767507,Tân Phú,1,1,THCS
79767508,Tân Phú,1,1,THCS
79767509,Tân Phú,1,1,THCS
79767510,Tân Phú,1,1,THCS
79767511,Tân Phú,1,1,THCS
79767512,Tân Phú,1,1,THCS
79767513,Tân Phú,1,1,THCS
79768501,Phú Nhuận,1,1,THCS
79768502,Phú Nhuận,1,1,THCS
79768503,Phú Nhuận,1,1,THCS
79768504,Phú Nhuận,1,1,THCS
79768506,Phú Nhuận,1,1,THCS
79768507,Phú Nhuận,1,1,THCS
79769411,Q2,2,1,THCS
79769501,Q2,1,1,THCS
79769502,Q2,1,1,THCS
79769503,Q2,1,1,THCS
79769504,Q2,1,1,THCS
79769506,Q2,1,1,THCS
79769507,Q2,1,1,THCS
79769508,Q2,1,1,THCS
79769509,Q2,1,1,THCS
79769510,Q2,1,1,THCS
79770501,Q3,1,1,THCS
79770502,Q3,1,1,THCS
79770503,Q3,1,1,THCS
79770504,Q3,1,1,THCS
79770505,Q3,1,1,THCS
79770506,Q3,1,1,THCS
79770507,Q3,1,1,THCS
79770508,Q3,1,1,THCS
79770509,Q3,1,1,THCS
79770510,Q3,1,1,THCS
79770511,Q3,1,1,THCS
79771501,Q10,1,1,THCS
79771502,Q10,1,1,THCS
79771503,Q10,1,1,THCS
79771504,Q10,1,1,THCS
79771505,Q10,1,1,THCS
79771507,Q10,1,1,THCS
79772501,Q11,1,1,THCS
79772502,Q11,1,1,THCS
79772503,Q11,1,1,THCS
79772504,Q11,1,1,THCS
79772505,Q11,1,1,THCS
79772506,Q11,1,1,THCS
79772507,Q11,1,1,THCS
79772508,Q11,1,1,THCS
79772509,Q11,1,1,THCS
79772511,Q11,2,1,THCS
79773501,Q4,1,1,THCS
79773502,Q4,1,1,THCS
79773503,Q4,1,1,THCS
79773504,Q4,1,1,THCS
79773506,Q4,1,1,THCS
79773507,Q4,1,1,THCS
79774501,Q5,1,1,THCS
79774502,Q5,1,1,THCS
79774503,Q5,1,1,THCS
79774504,Q5,1,1,THCS
79774505,Q5,1,1,THCS
79774506,Q5,1,1,THCS
79774601,Q5,2,1,THCS
79775421,Q6,2,1,THCS
79775501,Q6,1,1,THCS
79775502,Q6,1,1,THCS
79775503,Q6,1,1,THCS
79775504,Q6,1,1,THCS
79775505,Q6,1,1,THCS
79775506,Q6,1,1,THCS
79775507,Q6,1,1,THCS
79775508,Q6,1,1,THCS
79775509,Q6,1,1,THCS
79775510,Q6,1,1,THCS
79776501,Q8,1,1,THCS
79776502,Q8,1,1,THCS
79776503,Q8,1,1,THCS
79776504,Q8,1,1,THCS
79776505,Q8,1,1,THCS
79776506,Q8,1,1,THCS
79776507,Q8,1,1,THCS
79776508,Q8,1,1,THCS
79776509,Q8,1,1,THCS
79776510,Q8,1,1,THCS
79776511,Q8,1,1,THCS
79776512,Q8,1,1,THCS
79777501,Bình Tân,1,1,THCS
79777502,Bình Tân,1,1,THCS
79777503,Bình Tân,1,1,THCS
79777504,Bình Tân,1,1,THCS
79777505,Bình Tân,1,1,THCS
79777506,Bình Tân,1,1,THCS
79777507,Bình Tân,1,1,THCS
79777508,Bình Tân,1,1,THCS
79777509,Bình Tân,1,1,THCS
79777510,Bình Tân,1,1,THCS
79777511,Bình Tân,1,1,THCS
79777512,Bình Tân,1,1,THCS
79777513,Bình Tân,1,1,THCS
79777514,Bình Tân,2,4,THCS
79778501,Q7,1,1,THCS
79778502,Q7,1,1,THCS
79778503,Q7,1,1,THCS
79778504,Q7,1,1,THCS
79778505,Q7,1,1,THCS
79778506,Q7,1,1,THCS
79778507,Q7,1,1,THCS
79783501,Củ Chi,1,1,THCS
79783502,Củ Chi,1,1,THCS
79783503,Củ Chi,1,1,THCS
79783504,Củ Chi,1,1,THCS
79783505,Củ Chi,1,1,THCS
79783506,Củ Chi,1,1,THCS
79783507,Củ Chi,1,1,THCS
79783508,Củ Chi,1,1,THCS
79783509,Củ Chi,1,1,THCS
79783510,Củ Chi,1,1,THCS
79783511,Củ Chi,1,1,THCS
79783512,Củ Chi,1,1,THCS
79783513,Củ Chi,1,1,THCS
79783514,Củ Chi,1,1,THCS
79783515,Củ Chi,1,1,THCS
79783516,Củ Chi,1,1,THCS
79783518,Củ Chi,1,1,THCS
79783519,Củ Chi,1,1,THCS
79783520,Củ Chi,1,1,THCS
79783521,Củ Chi,1,1,THCS
79783522,Củ Chi,1,1,THCS
79783523,Củ Chi,1,1,THCS
79783524,Củ Chi,1,1,THCS
79783600,Củ Chi,1,1,THCS
79784501,Hóc Môn,1,1,THCS
79784502,Hóc Môn,1,1,THCS
79784503,Hóc Môn,1,1,THCS
79784504,Hóc Môn,1,1,THCS
79784505,Hóc Môn,1,1,THCS
79784506,Hóc Môn,1,1,THCS
79784507,Hóc Môn,1,1,THCS
79784508,Hóc Môn,1,1,THCS
79784509,Hóc Môn,1,1,THCS
79784510,Hóc Môn,1,1,THCS
79784511,Hóc Môn,1,1,THCS
79784512,Hóc Môn,1,1,THCS
79784513,Hóc Môn,1,1,THCS
79784514,Hóc Môn,1,1,THCS
79785501,Bình Chánh,1,1,THCS
79785502,Bình Chánh,1,1,THCS
79785503,Bình Chánh,1,1,THCS
79785504,Bình Chánh,1,1,THCS
79785505,Bình Chánh,1,1,THCS
79785506,Bình Chánh,1,1,THCS
79785507,Bình Chánh,1,1,THCS
79785508,Bình Chánh,1,1,THCS
79785509,Bình Chánh,1,1,THCS
79785510,Bình Chánh,1,1,THCS
79785511,Bình Chánh,1,1,THCS
79785512,Bình Chánh,1,1,THCS
79785514,Bình Chánh,1,1,THCS
79785515,Bình Chánh,1,1,THCS
79785516,Bình Chánh,1,1,THCS
79785517,Bình Chánh,1,1,THCS
79785518,Bình Chánh,1,1,THCS
79785519,Bình Chánh,1,1,THCS
79785601,Bình Chánh,2,1,THCS
79786501,Nhà Bè,1,1,THCS
79786502,Nhà Bè,1,1,THCS
79786503,Nhà Bè,1,1,THCS
79786504,Nhà Bè,1,1,THCS
79786505,Nhà Bè,1,1,THCS
79786506,Nhà Bè,1,1,THCS
79786507,Nhà Bè,1,1,THCS
79786508,Nhà Bè,1,1,THCS
79787501,Cần Giờ,1,1,THCS
79787502,Cần Giờ,1,1,THCS
79787503,Cần Giờ,1,1,THCS
79787504,Cần Giờ,1,1,THCS
79787506,Cần Giờ,1,1,THCS
79787507,Cần Giờ,1,1,THCS
79787508,Cần Giờ,1,1,THCS
79000701,Không,1,1,THPT
79000702,Không,1,1,THPT
79000703,Không,1,1,THPT
79000704,Không,1,1,THPT
79000705,Không,1,1,THPT
79000706,Không,1,1,THPT
79000707,Không,1,3,THPT
79000708,Không,1,1,THPT
79000709,Không,1,1,THPT
79000710,Không,1,1,THPT
79000711,Không,1,1,THPT
79000712,Không,1,1,THPT
79000713,Không,1,1,THPT
79000714,Không,1,1,THPT
79000715,Không,1,1,THPT
79000716,Không,1,1,THPT
79000717,Không,1,1,THPT
79000718,Không,1,1,THPT
79000719,Không,1,1,THPT
79000720,Không,1,1,THPT
79000721,Không,1,1,THPT
79000722,Không,1,1,THPT
79000723,Không,1,1,THPT
79000724,Không,1,1,THPT
79000725,Không,1,1,THPT
79000726,Không,1,1,THPT
79000727,Không,1,1,THPT
79000728,Không,1,1,THPT
79000729,Không,1,1,THPT
79000730,Không,1,1,THPT
79000731,Không,1,1,THPT
79000732,Không,1,1,THPT
79000733,Không,1,1,THPT
79000734,Không,1,1,THPT
79000735,Không,1,1,THPT
79000736,Không,1,1,THPT
79000737,Không,1,1,THPT
79000738,Không,1,1,THPT
79000739,Không,1,2,THPT
79000740,Không,1,1,THPT
79000741,Không,1,1,THPT
79000742,Không,1,1,THPT
79000743,Không,1,1,THPT
79000744,Không,1,1,THPT
79000745,Không,1,1,THPT
79000746,Không,1,1,THPT
79000747,Không,1,1,THPT
79000748,Không,1,1,THPT
79000749,Không,1,1,THPT
79000750,Không,1,1,THPT
79000751,Không,2,1,THPT
79000752,Không,1,1,THPT
79000753,Không,1,1,THPT
79000754,Không,1,1,THPT
79000755,Không,1,1,THPT
79000756,Không,1,1,THPT
79000757,Không,1,1,THPT
79000758,Không,1,1,THPT
79000759,Không,1,1,THPT
79000760,Không,1,1,THPT
79000761,Không,1,1,THPT
79000762,Không,1,1,THPT
79000763,Không,1,1,THPT
79000764,Không,1,1,THPT
79000765,Không,1,1,THPT
79000767,Không,2,1,THPT
79000768,Không,1,1,THPT
79000769,Không,1,1,THPT
79000771,Không,2,1,THPT
79000772,Không,2,1,THPT
79000773,Không,2,1,THPT
79000774,Không,2,1,THPT
79000775,Không,1,1,THPT
79000776,Không,1,2,THPT
79000777,Không,2,1,THPT
79000779,Không,2,1,THPT
79000780,Không,2,1,THPT
79000781,Không,2,1,THPT
79000783,Không,2,1,THPT
79000784,Không,1,1,THPT
79000785,Không,2,1,THPT
79000786,Không,1,1,THPT
79000788,Không,2,1,THPT
79000791,Không,2,1,THPT
79000793,Không,1,1,THPT
79000794,Không,1,1,THPT
79000795,Không,1,1,THPT
79000796,Không,1,1,THPT
79000797,Không,2,1,THPT
79000798,Không,2,1,THPT
79000799,Không,2,1,THPT
790007A1,Không,2,1,THPT
790007A2,Không,2,1,THPT
790007A4,Không,2,1,THPT
790007A5,Không,2,1,THPT
790007A6,Không,1,1,THPT
790007A7,Không,1,1,THPT
790007A8,Không,1,1,THPT
790007A9,Không,1,1,THPT
790007B0,Không,1,1,THPT
790007B1,Không,1,1,THPT
790007B2,Không,1,1,THPT
790007B3,Không,1,1,THPT
790007B4,Không,2,1,THPT
790007B5,Không,2,1,THPT
790007B6,Không,1,1,THPT
790007B7,Không,1,1,THPT
790007B8,Không,1,1,THPT
790007B9,Không,2,1,THPT
790007C1,Không,1,3,THPT
790007C2,Không,1,1,THPT
790007C3,Không,1,1,THPT
790007C4,Không,1,1,THPT
790007C5,Không,1,1,THPT
790007C6,Không,1,1,THPT
790007C7,Không,1,1,THPT
79000802,Không,1,1,THPT
79000803,Không,1,1,THPT
79000804,Không,1,1,THPT
79000805,Không,1,1,THPT
79000806,Không,1,1,THPT
79000807,Không,1,1,THPT
79000809,Không,2,1,THPT
79000810,Không,2,1,THPT
79000811,Không,2,1,THPT
79000812,Không,2,1,THPT
79000813,Không,2,1,THPT
79000814,Không,2,1,THPT
79000815,Không,2,1,THPT
79000816,Không,2,1,THPT
79000818,Không,2,1,THPT
79000820,Không,1,1,THPT
79000822,Không,2,1,THPT
79000824,Không,2,1,THPT
79000825,Không,2,1,THPT
79000826,Không,2,1,THPT
79000827,Không,2,1,THPT
79000828,Không,2,1,THPT
79000829,Không,2,1,THPT
79000830,Không,2,1,THPT
79000831,Không,2,1,THPT
79000832,Không,2,1,THPT
79000834,Không,2,1,THPT
79000835,Không,2,1,THPT
79000836,Không,2,1,THPT
79000838,Không,2,1,THPT
79000841,Không,2,1,THPT
79000842,Không,1,1,THPT
79000846,Không,2,1,THPT
79000848,Không,2,1,THPT
79000849,Không,2,1,THPT
79000850,Không,2,1,THPT
79000851,Không,2,1,THPT
79000852,Không,2,1,THPT
79000853,Không,1,1,THPT
79000854,Không,2,1,THPT
79000855,Không,2,1,THPT
79000856,Không,2,1,THPT
79000857,Không,2,1,THPT
79000858,Không,2,1,THPT
79000859,Không,2,1,THPT
79000860,Không,1,1,THPT
79000861,Không,1,1,THPT
79000862,Không,2,1,THPT
79000863,Không,2,1,THPT
79000865,Không,2,1,THPT
79000866,Không,2,1,THPT
79000868,Không,2,1,THPT
79000869,Không,1,1,THPT
79000871,Không,1,3,THPT
79000872,Không,2,1,THPT
79000873,Không,2,1,THPT
79000874,Không,2,1,THPT
79000875,Không,1,1,THPT
79000876,Không,1,1,THPT
79000877,Không,2,1,THPT
79000888,Không,2,1,THPT
79000C01,Không,2,1,THPT
79000C03,Không,2,1,THPT
79000C04,Không,2,1,THPT
79000C05,Không,2,1,THPT
79000C06,Không,2,1,THPT
79000C07,Không,2,1,THPT
79000C09,Không,2,1,THPT
79000C10,Không,2,1,THPT
79000C11,Không,2,1,THPT
79000C12,Không,2,1,THPT
79000C13,Không,2,1,THPT
79000C15,Không,2,1,THPT
79000C19,Không,2,1,THPT
79000F01,Không,1,2,THPT
79000F02,Không,1,2,THPT
79000F03,Không,1,1,THPT
7900QT01,Không,2,1,THPT
7900QT02,Không,2,1,THPT
7900QT2,Không,2,1,THPT
79760419,Không,2,1,THPT
79767601,Không,2,1,THPT
79770601,Không,2,1,THPT
79770702,Không,2,1,THPT
79774507,Không,1,1,THPT
79777418,Không,2,1,THPT
79786701,Không,1,1,THPT
79000901,Không,1,5,GDTX
79000902,Không,1,5,GDTX
79000903,Không,1,0,GDTX
79000905,Không,1,0,GDTX
79000909,Không,1,0,GDTX
79000911,Không,1,0,GDTX
79000912,Không,1,0,GDTX
79000914,Không,1,5,GDTX
79000918,Không,1,0,GDTX
79000920,Không,1,0,GDTX
79760901,Không,1,5,GDTX
79761901,Không,1,0,GDTX
79762901,Không,1,0,GDTX
79763901,Không,1,0,GDTX
79764901,Không,1,0,GDTX
79765901,Không,1,5,GDTX
79766901,Không,1,0,GDTX
79767901,Không,1,0,GDTX
79768901,Không,1,6,GDTX
79769901,Không,1,0,GDTX
79770901,Không,1,5,GDTX
79771901,Không,1,6,GDTX
79772901,Không,1,0,GDTX
79773901,Không,1,6,GDTX
79774901,Không,1,0,GDTX
79775901,Không,1,0,GDTX
79776901,Không,1,6,GDTX
79777901,Không,1,0,GDTX
79778901,Không,1,0,GDTX
79783901,Không,1,0,GDTX
79784901,Không,1,6,GDTX
79785901,Không,1,6,GDTX
79786901,Không,1,0,GDTX
79787901,Không,1,0,GDTX
